Period;Date;treatment;pond;sp;W;L;K
Fishing;2021;P;1;Zander;6.7;99;0.69
Fishing;2021;P;1;Zander;9.8;112;0.7
Fishing;2021;P;1;Zander;6.4;96;0.72
Fishing;2021;P;1;Zander;5.8;92;0.74
Fishing;2021;P;1;Zander;5.1;88;0.75
Fishing;2021;P;1;Roach_juv;1.1;47;1.06
Fishing;2021;P;1;Carp;1459;406;2.18
Fishing;2021;P;1;Zander;4.1;82;0.74
Fishing;2021;P;1;Zander;5.7;97;0.62
Fishing;2021;P;1;Zander;5.1;90;0.7
Fishing;2021;P;1;Zander;4.5;88;0.66
Fishing;2021;P;1;Zander;4.3;85;0.7
Fishing;2021;P;1;Zander;6.1;95;0.71
Fishing;2021;P;1;Zander;4.7;86;0.74
Fishing;2021;P;1;Zander;4.5;85;0.73
Fishing;2021;P;1;Zander;4.6;88;0.68
Fishing;2021;P;1;Zander;4.3;84;0.73
Fishing;2021;P;1;Zander;7.6;103;0.7
Fishing;2021;P;1;Zander;4.2;86;0.66
Fishing;2021;P;1;Zander;4.2;84;0.71
Fishing;2021;P;1;Zander;4.6;90;0.63
Fishing;2021;P;1;Zander;4.8;89;0.68
Fishing;2021;P;1;Zander;5.6;92;0.72
Fishing;2021;P;1;Zander;5.1;89;0.72
Fishing;2021;P;1;Zander;4.7;89;0.67
Fishing;2021;P;1;Zander;5.5;90;0.75
Fishing;2021;P;1;Carp;1572;405;2.37
Fishing;2021;P;1;Zander;7.9;107;0.64
Fishing;2021;P;1;Zander;9.2;112;0.65
Fishing;2021;P;1;Zander;4.8;91;0.64
Fishing;2021;P;1;Zander;5.5;92;0.71
Fishing;2021;P;1;Zander;4.9;91;0.65
Fishing;2021;P;1;Zander;4.8;90;0.66
Fishing;2021;P;1;Zander;5.1;90;0.7
Fishing;2021;P;1;Zander;10.3;112;0.73
Fishing;2021;P;1;Zander;5.1;92;0.65
Fishing;2021;P;1;Zander;5.6;95;0.65
Fishing;2021;P;1;Zander;9.5;113;0.66
Fishing;2021;P;1;Zander;6.8;100;0.68
Fishing;2021;P;1;Carp;1035;341;2.61
Fishing;2021;P;1;Zander;5.3;96;0.6
Fishing;2021;P;1;Zander;4.6;89;0.65
Fishing;2021;P;1;Zander;5.3;91;0.7
Fishing;2021;P;1;Zander;4.6;88;0.68
Fishing;2021;P;1;Zander;5.6;93;0.7
Fishing;2021;P;1;Zander;5.2;85;0.85
Fishing;2021;P;1;Zander;10.9;115;0.72
Fishing;2021;P;1;Zander;4.6;91;0.61
Fishing;2021;P;1;Zander;10.2;113;0.71
Fishing;2021;P;1;Zander;7.2;99;0.74
Fishing;2021;P;1;Carp;1570;383;2.79
Fishing;2021;P;1;Zander;5.4;93;0.67
Fishing;2021;P;1;Zander;4.8;90;0.66
Fishing;2021;P;1;Zander;4.3;86;0.68
Fishing;2021;P;1;Zander;8.3;104;0.74
Fishing;2021;P;1;Zander;9.1;111;0.67
Fishing;2021;P;1;Zander;5.3;92;0.68
Fishing;2021;P;1;Zander;6.7;99;0.69
Fishing;2021;P;1;Crayfish;44.9;;
Fishing;2021;P;1;Crayfish;41.3;;
Fishing;2021;P;1;Crayfish;44.9;;
Fishing;2021;P;1;Crayfish;44;;
Fishing;2021;P;1;Crayfish;29.3;;
Fishing;2021;P;1;Roach_juv;2.6;56;1.48
Fishing;2021;P;1;Roach_juv;6;79;1.22
Fishing;2021;P;1;Roach_juv;5.5;72;1.47
Fishing;2021;P;1;Roach_juv;4;66;1.39
Fishing;2021;P;1;Roach_juv;2.9;59;1.41
Fishing;2021;P;1;Roach_juv;1.1;49;0.93
Fishing;2021;P;1;Roach_juv;2.5;63;1
Fishing;2021;P;1;Roach_juv;3.1;64;1.18
Fishing;2021;P;1;Roach_juv;3.1;64;1.18
Fishing;2021;P;1;Roach_juv;3.3;65;1.2
Fishing;2021;P;1;Rudd;102.5;185;1.62
Fishing;2021;P;1;Roach_juv;10.7;93;1.33
Fishing;2021;P;1;Roach_juv;5;74;1.23
Fishing;2021;P;1;Roach_juv;5.1;73;1.31
Fishing;2021;P;1;Roach_juv;4;63;1.6
Fishing;2021;P;1;Roach_juv;10;86;1.57
Fishing;2021;P;1;Roach_juv;3.6;64;1.37
Fishing;2021;P;1;Roach;127.5;193;1.77
Fishing;2021;P;1;Roach_juv;7;79;1.42
Fishing;2021;P;1;Roach_juv;9;88;1.32
Fishing;2021;P;1;Roach_juv;3.8;67;1.26
Fishing;2021;P;1;Roach_juv;3;64;1.14
Fishing;2021;P;1;Roach_juv;3.8;67;1.26
Fishing;2021;P;1;Roach_juv;16.9;105;1.46
Fishing;2021;P;1;Roach_juv;5.7;76;1.3
Fishing;2021;P;1;Roach_juv;12.9;101;1.25
Fishing;2021;P;1;Roach_juv;10.5;92;1.35
Fishing;2021;P;1;Roach_juv;2;56;1.14
Fishing;2021;P;1;Roach;114.1;189;1.69
Fishing;2021;P;1;Roach_juv;8.9;83;1.56
Fishing;2021;P;1;Roach;106.6;184;1.71
Fishing;2021;P;1;Roach;123.1;190;1.79
Fishing;2021;P;1;Roach_juv;2.9;62;1.22
Fishing;2021;P;1;Roach_juv;11.2;94;1.35
Fishing;2021;P;1;Roach;140.9;200;1.76
Fishing;2021;P;1;Roach_juv;18.4;108;1.46
Fishing;2021;P;1;Roach_juv;3.9;66;1.36
Fishing;2021;P;1;Roach_juv;9.4;89;1.33
Fishing;2021;P;1;Roach_juv;7.5;81;1.41
Fishing;2021;P;1;Roach;117;190;1.71
Fishing;2021;P;1;Roach_juv;10;91;1.33
Fishing;2021;P;1;Roach;148;204;1.74
Fishing;2021;P;1;Roach_juv;13.5;96;1.53
Fishing;2021;P;1;Roach_juv;10.7;94;1.29
Fishing;2021;P;1;Roach_juv;7.4;82;1.34
Fishing;2021;P;1;Roach_juv;13.6;99;1.4
Fishing;2021;P;1;Roach_juv;5.4;73;1.39
Fishing;2021;P;1;Roach_juv;6.3;78;1.33
Fishing;2021;P;1;Carp;1278;336;3.37
Fishing;2021;P;1;Roach_juv;4.4;72;1.18
Fishing;2021;P;1;Roach_juv;14.1;95;1.64
Fishing;2021;P;1;Roach_juv;10.2;92;1.31
Fishing;2021;P;1;Roach_juv;11;92;1.41
Fishing;2021;P;1;Roach_juv;8.9;87;1.35
Fishing;2021;P;1;Roach_juv;9.4;92;1.21
Fishing;2021;P;1;Roach_juv;11.3;93;1.4
Fishing;2021;P;1;Roach_juv;16.8;103;1.54
Fishing;2021;P;1;Roach;155.8;204;1.84
Fishing;2021;P;1;Roach_juv;3.7;66;1.29
Fishing;2021;P;1;Roach_juv;12;92;1.54
Fishing;2021;P;1;Roach_juv;6.9;80;1.35
Fishing;2021;P;1;Rudd;131;190;1.91
Fishing;2021;P;1;Roach;153.3;204;1.81
Fishing;2021;P;1;Roach;96.7;178;1.71
Fishing;2021;P;1;Roach;108.9;189;1.61
Fishing;2021;P;1;Tench;343.6;286;1.47
Fishing;2021;P;1;Tench;691.8;352;1.59
Fishing;2021;P;1;Tench;591.4;332;1.62
Fishing;2021;P;1;Tench;755.8;361;1.61
Fishing;2021;P;1;Roach;105;187;1.61
Fishing;2021;P;1;Roach;77.8;168;1.64
Fishing;2021;P;1;Roach;101.9;179;1.78
Fishing;2021;P;1;Roach;112;188;1.69
Fishing;2021;P;1;Roach;113.9;186;1.77
Fishing;2021;P;1;Roach;130.5;195;1.76
Fishing;2021;P;1;Roach;121.4;190;1.77
Fishing;2021;P;1;Roach;130.5;199;1.66
Fishing;2021;P;1;Roach;110;193;1.53
Fishing;2021;P;1;Roach;123;189;1.82
Fishing;2021;P;1;Roach;131;190;1.91
Fishing;2021;P;1;Roach;94.8;197;1.24
Fishing;2021;P;1;Roach;135.7;203;1.62
Fishing;2021;P;1;Roach;181;219;1.72
Fishing;2021;P;1;Roach;123.3;188;1.86
Fishing;2021;P;1;Carp;1330;362;2.8
Fishing;2021;P;1;Carp;1037;344;2.55
Fishing;2021;P;1;Carp;1145;360;2.45
Fishing;2021;P;1;Carp;1127;355;2.52
Fishing;2021;P;1;Carp;1717;372;3.34
Fishing;2021;P;1;Carp;1431;366;2.92
Fishing;2021;P;1;Carp;1366;387;2.36
Fishing;2021;P;1;Carp;1891;387;3.26
Fishing;2021;P;1;Carp;1260;342;3.15
Fishing;2021;P;1;Carp;1185;355;2.65
Fishing;2021;P;1;Roach;110;185;1.74
Fishing;2021;P;1;Roach;116;187;1.77
Fishing;2021;P;1;Carp;1297;359;2.8
Fishing;2021;P;1;Carp;1800;365;3.7
Fishing;2021;P;1;Carp;1500;296;5.78
Fishing;2021;P;1;Carp;1664;372;3.23
Fishing;2021;P;1;Carp;1554;395;2.52
Fishing;2021;P;1;Carp;1525;388;2.61
Fishing;2021;P;1;Carp;1067;309;3.62
Fishing;2021;P;1;Carp;1291;369;2.57
Fishing;2021;P;1;Roach;145;205;1.68
Fishing;2021;P;1;Roach;170.9;210;1.85
Fishing;2021;P;1;Roach;106;187;1.62
Fishing;2021;P;1;Roach;96;177;1.73
Fishing;2021;P;1;Roach;80;168;1.69
Fishing;2021;P;1;Roach;183;217;1.79
Fishing;2021;P;1;Roach;105;180;1.8
Fishing;2021;P;1;Roach;126;195;1.7
Fishing;2021;P;1;Roach;85;174;1.61
Fishing;2021;P;1;Roach;139;201;1.71
Fishing;2021;P;1;Roach;95;181;1.6
Fishing;2021;P;1;Roach;123;193;1.71
Fishing;2021;P;1;Roach;112;188;1.69
Fishing;2021;P;1;Roach;94;171;1.88
Fishing;2021;P;1;Roach;98;177;1.77
Fishing;2021;P;1;Roach;103.9;181;1.75
Fishing;2021;P;1;Roach;92;177;1.66
Fishing;2021;P;1;Roach;117;183;1.91
Fishing;2021;P;1;Zander;4.8;84;0.81
Fishing;2021;P;1;Zander;5.3;91;0.7
Fishing;2021;P;1;Zander;6.8;94;0.82
Fishing;2021;P;1;Mussel;50.4;84;8.5
Fishing;2021;P;1;Mussel;82.9;95;9.67
Fishing;2021;P;1;Mussel;62.2;89;8.82
Fishing;2021;P;1;Mussel;54.7;86;8.6
Fishing;2021;P;1;Mussel;47.5;79;9.63
Fishing;2021;P;1;Mussel;63.9;92;8.21
Fishing;2021;P;1;Mussel;69.4;89;9.84
Fishing;2021;P;1;Mussel;58.9;86;9.26
Fishing;2021;P;1;Mussel;55;82;9.98
Fishing;2021;P;1;Mussel;46.3;81;8.71
Fishing;2021;P;1;Mussel;47.6;81;8.96
Fishing;2021;P;1;Tench_juv;1.9;52;1.35
Fishing;2021;P;1;Tench_juv;1.2;46;1.23
Fishing;2021;P;1;Tench_juv;17.7;105;1.53
Fishing;2021;P;1;Tench_juv;1.7;49;1.44
Fishing;2021;P;1;Tench_juv;1.1;43;1.38
Fishing;2021;P;1;Tench_juv;0.4;35;0.93
Fishing;2021;P;1;Tench_juv;0.3;34;0.76
Fishing;2021;P;1;Tench;391;301;1.43
Fishing;2021;P;1;Tench_juv;12.7;93;1.58
Fishing;2021;P;1;Tench_juv;13;99;1.34
Fishing;2021;P;1;Tench_juv;3.2;61;1.41
Fishing;2021;P;1;Tench_juv;2.6;60;1.2
Fishing;2021;P;1;Tench_juv;1.1;44;1.29
Fishing;2021;P;1;Tench_juv;1.1;43;1.38
Fishing;2021;P;1;Tench;563.8;338;1.46
Fishing;2021;P;1;Tench;280.6;266;1.49
Fishing;2021;P;1;Tench;739.6;361;1.57
Fishing;2021;P;1;Tench_juv;12.8;95;1.49
Fishing;2021;P;1;Tench_juv;6.3;74;1.55
Fishing;2021;P;1;Tench_juv;4.9;72;1.31
Fishing;2021;P;1;Tench_juv;2.6;56;1.48
Fishing;2021;P;1;Tench_juv;15.9;103;1.46
Fishing;2021;P;1;Tench_juv;8.9;87;1.35
Fishing;2021;P;1;Tench_juv;6.9;80;1.35
Fishing;2021;P;1;Tench_juv;1.7;53;1.14
Fishing;2021;P;1;Tench_juv;3.2;62;1.34
Fishing;2021;P;1;Tench_juv;1;45;1.1
Fishing;2021;P;1;Tench_juv;1.2;45;1.32
Fishing;2021;P;1;Roach_juv;1.2;46;1.23
Fishing;2021;P;1;Tench_juv;7.5;80;1.46
Fishing;2021;P;1;Tench_juv;2.7;61;1.19
Fishing;2021;P;1;Tench_juv;11.9;94;1.43
Fishing;2021;P;1;Tench_juv;1.8;53;1.21
Fishing;2021;P;1;Tench_juv;4.3;69;1.31
Fishing;2021;P;1;Tench_juv;13.9;97;1.52
Fishing;2021;P;1;Tench_juv;1.1;45;1.21
Fishing;2021;P;1;Tench_juv;1.7;51;1.28
Fishing;2021;P;1;Tench_juv;2.9;61;1.28
Fishing;2021;P;1;Tench_juv;7.4;82;1.34
Fishing;2021;P;1;Tench_juv;23.2;118;1.41
Fishing;2021;P;1;Tench_juv;6.9;80;1.35
Fishing;2021;P;1;Tench_juv;0.6;35;1.4
Fishing;2021;P;1;Tench;320;280;1.46
Fishing;2021;P;1;Zander;13.9;123;0.75
Fishing;2021;P;1;Zander;13.9;123;0.75
Fishing;2021;P;1;Zander;5.6;93;0.7
Fishing;2021;P;1;Zander;5.6;96;0.63
Fishing;2021;P;1;Zander;7.3;100;0.73
Fishing;2021;P;1;Zander;4.9;86;0.77
Fishing;2021;P;1;Zander;4.7;89;0.67
Fishing;2021;P;1;Zander;6.4;97;0.7
Fishing;2021;P;1;Zander;7.2;101;0.7
Fishing;2021;P;1;Zander;5.3;90;0.73
Fishing;2021;P;1;Zander;7;101;0.68
Fishing;2021;P;1;Zander;6.2;96;0.7
Fishing;2021;P;1;Zander;5.3;91;0.7
Fishing;2021;P;1;Zander;5;92;0.64
Fishing;2021;P;1;Zander;5;87;0.76
Fishing;2021;P;1;Zander;4.4;86;0.69
Fishing;2021;P;1;Zander;11.4;114;0.77
Fishing;2021;P;1;Zander;7;100;0.7
Fishing;2021;P;1;Zander;4.9;88;0.72
Fishing;2021;P;1;Zander;5.5;92;0.71
Fishing;2021;P;1;Zander;6.6;99;0.68
Fishing;2021;P;1;Zander;5.3;91;0.7
Fishing;2021;P;1;Zander;4.6;87;0.7
Fishing;2021;P;1;Zander;5.5;92;0.71
Fishing;2021;P;1;Zander;5;89;0.71
Fishing;2021;P;1;Zander;4.5;87;0.68
Fishing;2021;P;1;Zander;4.4;87;0.67
Fishing;2021;P;1;Zander;6.7;99;0.69
Fishing;2021;P;1;Zander;5.4;92;0.69
Fishing;2021;P;1;Zander;4.6;87;0.7
Fishing;2021;P;1;Zander;4.6;88;0.68
Fishing;2021;P;1;Zander;5.1;93;0.63
Fishing;2021;P;1;Zander;4.4;84;0.74
Fishing;2021;P;1;Zander;4.1;83;0.72
Fishing;2021;P;1;Zander;5.3;90;0.73
Fishing;2021;P;1;Zander;5.3;91;0.7
Fishing;2021;P;1;Zander;5.5;92;0.71
Fishing;2021;P;1;Zander;5.3;91;0.7
Fishing;2021;P;1;Zander;4.6;86;0.72
Fishing;2021;P;1;Zander;7.3;98;0.78
Fishing;2021;P;1;Zander;8.6;106;0.72
Fishing;2021;P;1;Zander;4.8;90;0.66
Fishing;2021;P;1;Zander;4.6;87;0.7
Fishing;2021;P;1;Zander;4.9;88;0.72
Fishing;2021;P;1;Zander;6.9;97;0.76
Fishing;2021;P;1;Zander;5;90;0.69
Fishing;2021;P;1;Zander;4.2;84;0.71
Fishing;2021;P;1;Zander;4.4;85;0.72
Fishing;2021;P;1;Zander;5;90;0.69
Fishing;2021;P;1;Zander;6.7;97;0.73
Fishing;2021;P;1;Zander;5.1;87;0.77
Fishing;2021;P;1;Roach_juv;3;64;1.14
Fishing;2021;P;1;Roach_juv;0.7;44;0.82
Fishing;2021;P;1;Roach_juv;4.7;73;1.21
Fishing;2021;P;1;Roach_juv;1.6;53;1.07
Fishing;2021;P;1;Roach_juv;7.5;85;1.22
Fishing;2021;P;1;Roach_juv;3.3;67;1.1
Fishing;2021;P;1;Roach_juv;5.5;75;1.3
Fishing;2021;P;1;Roach_juv;0.9;46;0.92
Fishing;2021;P;1;Roach_juv;0.7;48;0.63
Fishing;2021;P;1;Roach_juv;1.8;61;0.79
Fishing;2021;P;1;Roach_juv;2;56;1.14
Fishing;2021;P;1;Rudd;194.7;219;1.85
Fishing;2021;P;1;Roach_juv;7;84;1.18
Fishing;2021;P;1;Roach_juv;12.7;103;1.16
Fishing;2021;P;1;Roach_juv;1.6;50;1.28
Fishing;2021;P;1;Roach_juv;2.7;67;0.9
Fishing;2021;P;1;Roach;117.2;194;1.61
Fishing;2021;P;1;Roach_juv;6.9;81;1.3
Fishing;2021;P;1;Roach_juv;4;69;1.22
Fishing;2021;P;1;Rudd;140.8;192;1.99
Fishing;2021;P;1;Roach_juv;11.7;97;1.28
Fishing;2021;P;1;Roach;100.4;184;1.61
Fishing;2021;P;1;Roach_juv;16.7;106;1.4
Fishing;2021;P;1;Roach_juv;2.5;58;1.28
Fishing;2021;P;1;Roach;140.1;198;1.8
Fishing;2021;P;1;Roach_juv;3.6;68;1.14
Fishing;2021;P;1;Roach_juv;2.4;57;1.3
Fishing;2021;P;1;Roach_juv;19.9;112;1.42
Fishing;2021;P;1;Roach_juv;10.1;90;1.39
Fishing;2021;P;1;Roach_juv;1.3;52;0.92
Fishing;2021;P;1;Roach_juv;4.5;71;1.26
Fishing;2021;P;1;Roach_juv;1.4;45;1.54
Fishing;2021;P;1;Roach_juv;10.1;93;1.26
Fishing;2021;P;1;Roach_juv;2.9;61;1.28
Fishing;2021;P;1;Roach_juv;1.3;40;2.03
Fishing;2021;P;1;Roach_juv;1.3;46;1.34
Fishing;2021;P;1;Roach;130.1;189;1.93
Fishing;2021;P;1;Roach_juv;4.7;72;1.26
Fishing;2021;P;1;Roach_juv;5.4;75;1.28
Fishing;2021;P;1;Roach_juv;2;57;1.08
Fishing;2021;P;1;Roach_juv;12.5;96;1.41
Fishing;2021;P;1;Roach_juv;18.3;110;1.37
Fishing;2021;P;1;Roach_juv;10.8;93;1.34
Fishing;2021;P;1;Roach_juv;16.3;107;1.33
Fishing;2021;P;1;Roach_juv;8.7;87;1.32
Fishing;2021;P;1;Roach_juv;11;91;1.46
Fishing;2021;P;1;Roach_juv;5.8;77;1.27
Fishing;2021;P;1;Roach_juv;19.8;114;1.34
Fishing;2021;P;1;Roach_juv;18;110;1.35
Fishing;2021;P;1;Roach_juv;5.1;76;1.16
Fishing;2021;P;1;Roach_juv;5.6;74;1.38
Fishing;2021;P;1;Roach_juv;7.7;83;1.35
Fishing;2021;P;1;Roach_juv;3.9;67;1.3
Fishing;2021;P;1;Roach_juv;8.7;88;1.28
Fishing;2021;P;1;Roach_juv;5.4;77;1.18
Fishing;2021;P;1;Roach_juv;8.8;86;1.38
Fishing;2021;P;1;Roach;120.1;188;1.81
Fishing;2021;P;1;Roach;137.6;202;1.67
Fishing;2021;P;1;Roach;144.7;203;1.73
Fishing;2021;P;1;Roach;158.9;205;1.84
Fishing;2021;P;1;Rudd;160.4;208;1.78
Fishing;2021;P;1;Roach;149.7;204;1.76
Fishing;2021;P;1;Roach;128.9;197;1.69
Fishing;2021;P;1;Rudd;132.9;196;1.77
Fishing;2021;P;1;Rudd;188.1;218;1.82
Fishing;2021;P;1;Roach;87.8;184;1.41
Fishing;2021;P;1;Roach;95.7;181;1.61
Fishing;2021;P;1;Roach;117.9;191;1.69
Fishing;2021;P;1;Roach;104.6;187;1.6
Fishing;2021;P;1;Roach;126.4;192;1.79
Fishing;2021;P;1;Roach;123.3;191;1.77
Fishing;2021;P;1;Roach;82.5;174;1.57
Fishing;2021;P;1;Roach;86.6;181;1.46
Fishing;2021;P;1;Roach;127.8;196;1.7
Fishing;2021;P;1;Roach;103.4;182;1.72
Fishing;2021;P;1;Roach;111.4;189;1.65
Fishing;2021;P;1;Roach;108.1;191;1.55
Fishing;2021;P;1;Rudd;199.2;223;1.8
Fishing;2021;P;1;Roach;144.8;202;1.76
Fishing;2021;P;1;Roach;126.5;192;1.79
Fishing;2021;P;1;Roach;90.1;180;1.54
Fishing;2021;P;1;Roach;86.3;180;1.48
Fishing;2021;P;1;Roach;105.4;185;1.66
Fishing;2021;P;1;Rudd;112.1;187;1.71
Fishing;2021;P;1;Roach;111.7;187;1.71
Fishing;2021;P;1;Roach;85.4;173;1.65
Fishing;2021;P;1;Roach;100.9;182;1.67
Fishing;2021;P;1;Roach;89.8;179;1.57
Fishing;2021;P;1;Roach;120.4;197;1.57
Fishing;2021;P;1;Roach;120;194;1.64
Fishing;2021;P;1;Roach;79.2;175;1.48
Fishing;2021;P;1;Roach;118.2;194;1.62
Fishing;2021;P;1;Roach;137.8;201;1.7
Fishing;2021;P;1;Roach;108.2;191;1.55
Fishing;2021;P;1;Roach;96.1;182;1.59
Fishing;2021;P;1;Rudd;143.8;191;2.06
Fishing;2021;P;1;Roach;134.1;200;1.68
Fishing;2021;P;1;Roach;118.6;191;1.7
Fishing;2021;P;1;Roach;100.7;186;1.56
Fishing;2021;P;1;Roach;109.2;188;1.64
Fishing;2021;P;1;Roach_juv;11.1;94;1.34
Fishing;2021;P;1;Crayfish;31.5;;
Fishing;2021;P;1;Crayfish;33.4;;
Fishing;2021;P;1;Crayfish;49.6;;
Fishing;2021;P;1;Roach;110.8;187;1.69
Fishing;2021;P;1;Crayfish;25.6;;
Fishing;2021;P;1;Crayfish;20.2;;
Fishing;2021;P;1;Crayfish;23.7;;
Fishing;2021;P;1;Mussel;79.8;96;9.02
Fishing;2021;P;1;Mussel;50.7;87;7.7
Fishing;2021;P;1;Mussel;56.6;88;8.31
Fishing;2021;P;1;Mussel;63.9;91;8.48
Fishing;2021;P;1;Mussel;51.8;83;9.06
Fishing;2021;P;1;Mussel;60;91;7.96
Fishing;2021;P;1;Mussel;62.1;84;10.48
Fishing;2021;P;1;Mussel;37.9;76;8.63
Fishing;2021;P;1;Mussel;36.9;75;8.75
Fishing;2021;P;1;Mussel;31.2;72;8.36
Fishing;2021;C;2;Carp;1189;396;1.91
Fishing;2021;C;2;Carp;1192;363;2.49
Fishing;2021;C;2;Carp;1182;368;2.37
Fishing;2021;C;2;Carp;1150.4;347;2.75
Fishing;2021;C;2;Carp;1837;411;2.65
Fishing;2021;C;2;Carp;1251;371;2.45
Fishing;2021;C;2;Carp;1041;352;2.39
Fishing;2021;C;2;Carp;814;345;1.98
Fishing;2021;C;2;Carp;938;362;1.98
Fishing;2021;C;2;Carp;471;249;3.05
Fishing;2021;C;2;Carp;1237;358;2.7
Fishing;2021;C;2;Carp;999.2;308;3.42
Fishing;2021;C;2;Carp;1512.4;396;2.44
Fishing;2021;C;2;Mussel;42.2;82;7.65
Fishing;2021;C;2;Mussel;31.2;74;7.7
Fishing;2021;C;2;Mussel;32.9;75;7.8
Fishing;2021;C;2;Mussel;37.8;75;8.96
Fishing;2021;C;2;Mussel;35;74;8.64
Fishing;2021;C;2;Carp;1023;334;2.75
Fishing;2021;C;2;Carp;1333;372;2.59
Fishing;2021;C;2;Carp;675;309;2.29
Fishing;2021;C;2;Carp;1345;357;2.96
Fishing;2021;C;2;Carp;1419;366;2.89
Fishing;2021;C;2;Carp;1304;371;2.55
Fishing;2021;C;2;Carp;1683;411;2.42
Fishing;2021;C;2;Carp;1038;360;2.22
Fishing;2021;C;2;Carp;795;307;2.75
Fishing;2021;C;2;Tench;551;346;1.33
Fishing;2021;C;2;Tench;621.6;364;1.29
Fishing;2021;C;2;Tench;404.8;292;1.63
Fishing;2021;C;2;Tench;695.4;357;1.53
Fishing;2021;C;2;Tench;320.4;283;1.41
Fishing;2021;C;2;Roach;120;191;1.72
Fishing;2021;C;2;Roach;123.6;197;1.62
Fishing;2021;C;2;Roach;107;191;1.54
Fishing;2021;C;2;Roach;132.6;194;1.82
Fishing;2021;C;2;Roach;138;200;1.73
Fishing;2021;C;2;Roach;122;197;1.6
Fishing;2021;C;2;Roach;150.6;204;1.77
Fishing;2021;C;2;Roach;78.6;174;1.49
Fishing;2021;C;2;Roach;117.8;188;1.77
Fishing;2021;C;2;Roach;130.2;196;1.73
Fishing;2021;C;2;Roach;96;185;1.52
Fishing;2021;C;2;Roach;135.2;198;1.74
Fishing;2021;C;2;Roach;132;195;1.78
Fishing;2021;C;2;Roach;126.2;194;1.73
Fishing;2021;C;2;Roach;107.2;185;1.69
Fishing;2021;C;2;Roach;171.6;216;1.7
Fishing;2021;C;2;Roach;152;208;1.69
Fishing;2021;C;2;Roach;171.6;212;1.8
Fishing;2021;C;2;Roach;132;199;1.67
Fishing;2021;C;2;Roach;198;222;1.81
Fishing;2021;C;2;Roach;156;208;1.73
Fishing;2021;C;2;Roach;90.8;179;1.58
Fishing;2021;C;2;Roach;124;194;1.7
Fishing;2021;C;2;Roach;97.3;183;1.59
Fishing;2021;C;2;Roach;160.4;210;1.73
Fishing;2021;C;2;Roach;128.8;190;1.88
Fishing;2021;C;2;Roach;188.2;216;1.87
Fishing;2021;C;2;Roach;104;189;1.54
Fishing;2021;C;2;Roach;143.4;202;1.74
Fishing;2021;C;2;Roach;111.8;196;1.48
Fishing;2021;C;2;Roach;130.8;191;1.88
Fishing;2021;C;2;Roach;152.2;210;1.64
Fishing;2021;C;2;Roach;109.6;187;1.68
Fishing;2021;C;2;Roach;109.2;187;1.67
Fishing;2021;C;2;Roach;122;195;1.65
Fishing;2021;C;2;Roach;109.6;187;1.68
Fishing;2021;C;2;Roach;137.2;195;1.85
Fishing;2021;C;2;Roach;100.2;186;1.56
Fishing;2021;C;2;Roach;144;196;1.91
Fishing;2021;C;2;Roach;139.2;201;1.71
Fishing;2021;C;2;Roach;92.6;185;1.46
Fishing;2021;C;2;Roach;131.2;199;1.66
Fishing;2021;C;2;Rudd;110.4;185;1.74
Fishing;2021;C;2;Roach;129;198;1.66
Fishing;2021;C;2;Roach;91;180;1.56
Fishing;2021;C;2;Roach;100.2;188;1.51
Fishing;2021;C;2;Roach;100.6;187;1.54
Fishing;2021;C;2;Roach;106;191;1.52
Fishing;2021;C;2;Roach;67.8;173;1.31
Fishing;2021;C;2;Roach;110.4;188;1.66
Fishing;2021;C;2;Roach;105.2;188;1.58
Fishing;2021;C;2;Roach;128.8;197;1.68
Fishing;2021;C;2;Roach;117.8;191;1.69
Fishing;2021;C;2;Roach;141.8;194;1.94
Fishing;2021;C;2;Roach;148.8;202;1.81
Fishing;2021;C;2;Roach;132.6;200;1.66
Fishing;2021;C;2;Roach;227.2;241;1.62
Fishing;2021;C;2;Roach;159.2;206;1.82
Fishing;2021;C;2;Roach;103.6;188;1.56
Fishing;2021;C;2;Roach;159.2;211;1.69
Fishing;2021;C;2;Roach;92;180;1.58
Fishing;2021;C;2;Roach;105.6;188;1.59
Fishing;2021;C;2;Roach;120.2;200;1.5
Fishing;2021;C;2;Roach;96.2;186;1.49
Fishing;2021;C;2;Roach;125.4;198;1.62
Fishing;2021;C;2;Roach;84.4;176;1.55
Fishing;2021;C;2;Roach;89.4;187;1.37
Fishing;2021;C;2;Roach;160.6;215;1.62
Fishing;2021;C;2;Roach;119.8;194;1.64
Fishing;2021;C;2;Roach;107.6;188;1.62
Fishing;2021;C;2;Roach;109.8;188;1.65
Fishing;2021;C;2;Roach;115.8;186;1.8
Fishing;2021;C;2;Roach;133.4;206;1.53
Fishing;2021;C;2;Roach;133;200;1.66
Fishing;2021;C;2;Roach;88.4;179;1.54
Fishing;2021;C;2;Roach;124.2;191;1.78
Fishing;2021;C;2;Roach;108.4;188;1.63
Fishing;2021;C;2;Roach;90.6;177;1.63
Fishing;2021;C;2;Roach;99;189;1.47
Fishing;2021;C;2;Roach;145.6;207;1.64
Fishing;2021;C;2;Roach;106.6;193;1.48
Fishing;2021;C;2;Roach;138.6;201;1.71
Fishing;2021;C;2;Roach;116.2;192;1.64
Fishing;2021;C;2;Roach;116.2;192;1.64
Fishing;2021;C;2;Roach;185;217;1.81
Fishing;2021;C;2;Roach;119;185;1.88
Fishing;2021;C;2;Roach;109.4;187;1.67
Fishing;2021;C;2;Roach;144.8;203;1.73
Fishing;2021;C;2;Roach;95.8;183;1.56
Fishing;2021;C;2;Roach;138.4;202;1.68
Fishing;2021;C;2;Roach;118.2;191;1.7
Fishing;2021;C;2;Roach;109.4;183;1.79
Fishing;2021;C;2;Roach;96.4;181;1.63
Fishing;2021;C;2;Roach;86.8;177;1.57
Fishing;2021;C;2;Roach;131.8;194;1.81
Fishing;2021;C;2;Roach;120.6;186;1.87
Fishing;2021;C;2;Roach;100.6;184;1.61
Fishing;2021;C;2;Roach;100.2;183;1.63
Fishing;2021;C;2;Roach;105.6;187;1.61
Fishing;2021;C;2;Roach;127.2;196;1.69
Fishing;2021;C;2;Roach;112.6;192;1.59
Fishing;2021;C;2;Roach;96.8;177;1.75
Fishing;2021;C;2;Roach;123.4;198;1.59
Fishing;2021;C;2;Roach;95.8;180;1.64
Fishing;2021;C;2;Roach;114.4;187;1.75
Fishing;2021;C;2;Roach;89.8;178;1.59
Fishing;2021;C;2;Roach;132.8;203;2.78
Fishing;2021;C;2;Tench_juv;1.4;42;1.89
Fishing;2021;C;2;Roach_juv;1.5;52;1.07
Fishing;2021;C;2;Roach_juv;0.8;39;1.35
Fishing;2021;C;2;Roach_juv;27.9;125;1.43
Fishing;2021;C;2;Roach_juv;0.9;47;0.87
Fishing;2021;C;2;Roach_juv;2.9;62;1.22
Fishing;2021;C;2;Roach_juv;2.2;58;1.13
Fishing;2021;C;2;Roach_juv;4.1;71;1.15
Fishing;2021;C;2;Roach_juv;14.1;103;1.29
Fishing;2021;C;2;Roach_juv;5.5;73;1.41
Fishing;2021;C;2;Roach_juv;25.8;119;1.53
Fishing;2021;C;2;Roach_juv;5.2;77.5;1.12
Fishing;2021;C;2;Roach_juv;23.5;115;1.55
Fishing;2021;C;2;Zander;32.6;164;0.74
Fishing;2021;C;2;Zander;20.5;132;0.89
Fishing;2021;C;2;Zander;21.1;132;0.92
Fishing;2021;C;2;Zander;27.4;157;0.71
Fishing;2021;C;2;Zander;113.2;239;0.83
Fishing;2021;C;2;Zander;55.2;201;0.68
Fishing;2021;C;2;Rudd;133.6;201;1.65
Fishing;2021;C;2;Zander;92;229;0.77
Fishing;2021;C;2;Zander;40.4;185;0.64
Fishing;2021;C;2;Zander;48.6;188;0.73
Fishing;2021;C;2;Zander;67.6;209;0.74
Fishing;2021;C;2;Zander;19.6;139;0.73
Fishing;2021;C;2;Zander;31.4;170;0.64
Fishing;2021;C;2;Zander;51.6;200;0.65
Fishing;2021;C;2;Zander;65.2;207;0.74
Fishing;2021;C;2;Zander;28.8;161;0.69
Fishing;2021;C;2;Zander;24.2;161;0.58
Fishing;2021;C;2;Zander;51.8;195;0.7
Fishing;2021;C;2;Zander;27.8;167;0.6
Fishing;2021;C;2;Zander;18.2;145;0.6
Fishing;2021;C;2;Zander;19.4;147;0.61
Fishing;2021;C;2;Zander;47.4;193;0.66
Fishing;2021;C;2;Zander;62;209;0.68
Fishing;2021;C;2;Zander;18.4;137;0.72
Fishing;2021;C;2;Zander;17.4;132;0.76
Fishing;2021;C;2;Zander;20.8;147;0.65
Fishing;2021;C;2;Zander;11;121;0.62
Fishing;2021;C;2;Rudd;181.8;216;1.8
Fishing;2021;C;2;Rudd;224.8;228;1.9
Fishing;2021;C;2;Rudd;212.4;229;1.77
Fishing;2021;C;2;Rudd;138.2;201;1.7
Fishing;2021;C;2;Rudd;66.6;154;1.82
Fishing;2021;C;2;Zander;12.4;123;0.67
Fishing;2021;C;2;Rudd;110.6;182;1.83
Fishing;2021;C;2;Rudd;151.2;205;1.76
Fishing;2021;C;2;Rudd;137.4;198;1.77
Fishing;2021;C;2;Rudd;161;212;1.69
Fishing;2021;C;2;Rudd;147.2;194;2.02
Fishing;2021;C;2;Rudd;133.6;195;1.8
Fishing;2021;C;2;Zander;13.2;122;0.73
Fishing;2021;C;2;Rudd;146;201;1.8
Fishing;2021;C;2;Rudd;144;197;1.88
Fishing;2021;C;2;Rudd;202.6;217;1.98
Fishing;2021;P;3;Zander;41;171;0.82
Fishing;2021;P;3;Zander;186.4;262;1.04
Fishing;2021;P;3;Zander;71.8;199;0.91
Fishing;2021;P;3;Zander;70;194;0.96
Fishing;2021;P;3;Zander;111.6;227;0.95
Fishing;2021;P;3;Zander;109.8;220;1.03
Fishing;2021;P;3;Zander;32.8;156;0.86
Fishing;2021;P;3;Zander;39.8;168;0.84
Fishing;2021;P;3;Zander;44;174;0.84
Fishing;2021;P;3;Zander;39.6;165;0.88
Fishing;2021;P;3;Zander;175.6;263;0.97
Fishing;2021;P;3;Zander;85.8;208;0.95
Fishing;2021;P;3;Zander;47.4;172;0.93
Fishing;2021;P;3;Zander;30.8;156;0.81
Fishing;2021;P;3;Zander;24.8;144;0.83
Fishing;2021;P;3;Zander;44.4;172;0.87
Fishing;2021;P;3;Zander;15.8;130;0.72
Fishing;2021;P;3;Zander;6.2;98;0.66
Fishing;2021;P;3;Zander;3.6;80;0.7
Fishing;2021;P;3;Zander;7.6;101;0.74
Fishing;2021;P;3;Zander;4;81;0.75
Fishing;2021;P;3;Zander;4;80;0.78
Fishing;2021;P;3;Zander;4.4;85;0.72
Fishing;2021;P;3;Zander;3.4;79;0.69
Fishing;2021;P;3;Zander;3.8;80;0.74
Fishing;2021;P;3;Zander;3;73;0.77
Fishing;2021;P;3;Zander;3;72;0.8
Fishing;2021;P;3;Zander;5.2;87;0.79
Fishing;2021;P;3;Zander;4;71;1.12
Fishing;2021;P;3;Zander;2.6;72;0.7
Fishing;2021;P;3;Zander;3.4;78;0.72
Fishing;2021;P;3;Zander;3.8;79;0.77
Fishing;2021;P;3;Zander;17.6;129;0.82
Fishing;2021;P;3;Zander;4.8;89;0.68
Fishing;2021;P;3;Zander;3.2;74;0.79
Fishing;2021;P;3;Zander;2.8;73;0.72
Fishing;2021;P;3;Zander;3.4;75;0.81
Fishing;2021;P;3;Zander;3.6;79;0.73
Fishing;2021;P;3;Zander;3.8;81;0.72
Fishing;2021;P;3;Zander;7.8;100;0.78
Fishing;2021;P;3;Zander;3.2;76;0.73
Fishing;2021;P;3;Zander;23;139;0.86
Fishing;2021;P;3;Zander;4.2;80;0.82
Fishing;2021;P;3;Zander;3.8;79;0.77
Fishing;2021;P;3;Zander;4;79;0.81
Fishing;2021;P;3;Zander;2.6;71;0.73
Fishing;2021;P;3;Carp;1310;384;2.31
Fishing;2021;P;3;Carp;738;310;2.48
Fishing;2021;P;3;Carp;959;339;2.46
Fishing;2021;P;3;Carp;1193;338;3.09
Fishing;2021;P;3;Carp;1061;337;2.77
Fishing;2021;P;3;Carp;1117;334;3
Fishing;2021;P;3;Carp;888;330;2.47
Fishing;2021;P;3;Carp;1337;375;2.54
Fishing;2021;P;3;Carp;1719;407;2.55
Fishing;2021;P;3;Carp;1102;311;3.66
Fishing;2021;P;3;Carp;1098;308;3.76
Fishing;2021;P;3;Carp;1202;340;3.06
Fishing;2021;P;3;Carp;892;320;2.72
Fishing;2021;P;3;Carp;983;343;2.44
Fishing;2021;P;3;Carp;901;336;2.38
Fishing;2021;P;3;Carp;1012;339;2.6
Fishing;2021;P;3;Carp;1025;328;2.9
Fishing;2021;P;3;Roach;89.4;174;1.7
Fishing;2021;P;3;Roach;97;178;1.72
Fishing;2021;P;3;Roach;144;201;1.77
Fishing;2021;P;3;Roach;151;204;1.78
Fishing;2021;P;3;Roach;143.6;198;1.85
Fishing;2021;P;3;Roach;102;188;1.54
Fishing;2021;P;3;Roach;79.4;170;1.62
Fishing;2021;P;3;Roach;140.4;197;1.84
Fishing;2021;P;3;Roach;147.6;205;1.71
Fishing;2021;P;3;Roach;128;190;1.87
Fishing;2021;P;3;Roach;128.6;194;1.76
Fishing;2021;P;3;Roach;87.8;173;1.7
Fishing;2021;P;3;Roach;89;179;1.55
Fishing;2021;P;3;Roach;125;192;1.77
Fishing;2021;P;3;Roach;136.4;198;1.76
Fishing;2021;P;3;Roach;154.8;203;1.85
Fishing;2021;P;3;Roach;105.6;185;1.67
Fishing;2021;P;3;Roach;147.6;206;1.69
Fishing;2021;P;3;Roach;134.2;197;1.76
Fishing;2021;P;3;Roach;92.8;182;1.54
Fishing;2021;P;3;Roach;112.2;185;1.77
Fishing;2021;P;3;Roach;103.8;183;1.69
Fishing;2021;P;3;Roach;120;196;1.59
Fishing;2021;P;3;Roach;101.6;181;1.71
Fishing;2021;P;3;Roach;136.4;192;1.93
Fishing;2021;P;3;Roach;109.6;185;1.73
Fishing;2021;P;3;Roach;71.6;169;1.48
Fishing;2021;P;3;Roach;116;186;1.8
Fishing;2021;P;3;Roach;106.6;185;1.68
Fishing;2021;P;3;Roach;121.4;189;1.8
Fishing;2021;P;3;Roach;117.4;186;1.82
Fishing;2021;P;3;Roach;182.2;210;1.97
Fishing;2021;P;3;Roach;150.4;199;1.91
Fishing;2021;P;3;Roach;147.2;199;1.87
Fishing;2021;P;3;Roach;138.6;203;1.66
Fishing;2021;P;3;Roach;116.8;184;1.87
Fishing;2021;P;3;Roach;117;187;1.79
Fishing;2021;P;3;Roach;128;186;1.99
Fishing;2021;P;3;Roach;152.8;202;1.85
Fishing;2021;P;3;Roach;143;199;1.81
Fishing;2021;P;3;Roach;120;190;1.75
Fishing;2021;P;3;Roach;182;218;1.76
Fishing;2021;P;3;Roach;133;188;2
Fishing;2021;P;3;Roach;148;199;1.88
Fishing;2021;P;3;Roach;134.8;193;1.88
Fishing;2021;P;3;Roach;92.6;179;1.61
Fishing;2021;P;3;Roach;121.8;194;1.67
Fishing;2021;P;3;Roach;114.4;186;1.78
Fishing;2021;P;3;Roach;192.2;223;1.73
Fishing;2021;P;3;Roach;197.2;222;1.8
Fishing;2021;P;3;Roach;137.4;198;1.77
Fishing;2021;P;3;Roach;125;192;1.77
Fishing;2021;P;3;Roach;107.6;183;1.76
Fishing;2021;P;3;Roach;90.4;180;1.55
Fishing;2021;P;3;Roach;140.6;195;1.9
Fishing;2021;P;3;Roach;140.4;193;1.95
Fishing;2021;P;3;Roach;108.6;186;1.69
Fishing;2021;P;3;Roach;121.6;191;1.75
Fishing;2021;P;3;Roach;59.2;155;1.59
Fishing;2021;P;3;Roach;130.4;191;1.87
Fishing;2021;P;3;Roach;125;194;1.71
Fishing;2021;P;3;Roach;139.2;196;1.85
Fishing;2021;P;3;Roach;132.4;196;1.76
Fishing;2021;P;3;Roach;121;185;1.91
Fishing;2021;P;3;Roach;107.4;185;1.7
Fishing;2021;P;3;Roach;120.4;191;1.73
Fishing;2021;P;3;Roach;120.2;192;1.7
Fishing;2021;P;3;Roach;183.2;223;1.65
Fishing;2021;P;3;Roach;110;187;1.68
Fishing;2021;P;3;Roach;167;208;1.86
Fishing;2021;P;3;Roach;95.4;177;1.72
Fishing;2021;P;3;Roach;152.2;199;1.93
Fishing;2021;P;3;Roach;104.6;188;1.57
Fishing;2021;P;3;Roach;86.4;172;1.7
Fishing;2021;P;3;Roach;113.2;183;1.85
Fishing;2021;P;3;Roach;157.8;202;1.91
Fishing;2021;P;3;Roach;118;184;1.89
Fishing;2021;P;3;Roach;108;185;1.71
Fishing;2021;P;3;Roach;164;211;1.75
Fishing;2021;P;3;Roach;126;195;1.7
Fishing;2021;P;3;Roach;142.8;201;1.76
Fishing;2021;P;3;Roach;127.6;197;1.67
Fishing;2021;P;3;Roach;129.2;189;1.91
Fishing;2021;P;3;Roach;83;170;1.69
Fishing;2021;P;3;Roach;95.4;181;1.61
Fishing;2021;P;3;Roach;129;189;1.91
Fishing;2021;P;3;Roach;128.6;197;1.68
Fishing;2021;P;3;Roach;135;197;1.77
Fishing;2021;P;3;Roach;127;194;1.74
Fishing;2021;P;3;Roach;90.4;178;1.6
Fishing;2021;P;3;Roach;94.4;179;1.65
Fishing;2021;P;3;Roach;101.4;182;1.68
Fishing;2021;P;3;Roach;133;195;1.79
Fishing;2021;P;3;Roach;121.2;193;1.69
Fishing;2021;P;3;Roach;162.6;209;1.78
Fishing;2021;P;3;Roach;117.2;189;1.74
Fishing;2021;P;3;Roach;136;203;1.63
Fishing;2021;P;3;Roach;162.2;201;2
Fishing;2021;P;3;Roach;113;189;1.67
Fishing;2021;P;3;Roach;97.2;182;1.61
Fishing;2021;P;3;Roach;93.8;181;1.58
Fishing;2021;P;3;Roach;86.8;171;1.74
Fishing;2021;P;3;Roach_juv;14.4;100;1.44
Fishing;2021;P;3;Roach_juv;11.2;94;1.35
Fishing;2021;P;3;Roach_juv;11.4;93;1.42
Fishing;2021;P;3;Roach_juv;9.8;90;1.34
Fishing;2021;P;3;Roach_juv;10.8;92;1.39
Fishing;2021;P;3;Roach_juv;5.2;73;1.34
Fishing;2021;P;3;Roach_juv;13.8;99;1.42
Fishing;2021;P;3;Roach_juv;10.8;90;1.48
Fishing;2021;P;3;Roach_juv;8;85;1.3
Fishing;2021;P;3;Roach_juv;5;72;1.34
Fishing;2021;P;3;Roach_juv;4;68;1.27
Fishing;2021;P;3;Roach_juv;3.4;66;1.18
Fishing;2021;P;3;Roach_juv;3.4;66;1.18
Fishing;2021;P;3;Roach_juv;9;88;1.32
Fishing;2021;P;3;Roach_juv;11.6;94;1.4
Fishing;2021;P;3;Roach_juv;10.8;93;1.34
Fishing;2021;P;3;Roach_juv;11.4;95;1.33
Fishing;2021;P;3;Roach_juv;5.6;75;1.33
Fishing;2021;P;3;Roach_juv;4.2;71;1.17
Fishing;2021;P;3;Roach_juv;10.8;92;1.39
Fishing;2021;P;3;Roach_juv;12;96;1.36
Fishing;2021;P;3;Roach_juv;11.4;94;1.37
Fishing;2021;P;3;Roach_juv;11.6;95;1.35
Fishing;2021;P;3;Roach_juv;12.8;98;1.36
Fishing;2021;P;3;Roach_juv;4.8;67;1.6
Fishing;2021;P;3;Roach_juv;12.8;97;1.4
Fishing;2021;P;3;Roach_juv;9.8;90;1.34
Fishing;2021;P;3;Roach_juv;14;99;1.44
Fishing;2021;P;3;Roach_juv;10.5;93;1.31
Fishing;2021;P;3;Roach_juv;12;97;1.31
Fishing;2021;P;3;Roach_juv;11.4;92;1.46
Fishing;2021;P;3;Roach_juv;13.2;99;1.36
Fishing;2021;P;3;Roach_juv;9.8;92;1.26
Fishing;2021;P;3;Roach_juv;11;93;1.37
Fishing;2021;P;3;Roach_juv;7.4;80;1.45
Fishing;2021;P;3;Roach_juv;11.6;94;1.4
Fishing;2021;P;3;Roach_juv;12.6;96;1.42
Fishing;2021;P;3;Roach_juv;11.8;95;1.38
Fishing;2021;P;3;Roach_juv;12.8;95;1.49
Fishing;2021;P;3;Roach_juv;15.8;106;1.33
Fishing;2021;P;3;Roach_juv;8.4;86;1.32
Fishing;2021;P;3;Roach_juv;12.4;95;1.45
Fishing;2021;P;3;Roach_juv;10.8;91;1.43
Fishing;2021;P;3;Roach_juv;10.2;91;1.35
Fishing;2021;P;3;Roach_juv;7.4;77;1.62
Fishing;2021;P;3;Roach_juv;4.4;71;1.23
Fishing;2021;P;3;Roach_juv;10;93;1.24
Fishing;2021;P;3;Roach_juv;3.8;67;1.26
Fishing;2021;P;3;Roach_juv;3.6;65;1.31
Fishing;2021;P;3;Roach_juv;11.4;95;1.33
Fishing;2021;P;3;Roach_juv;4.6;71;1.29
Fishing;2021;P;3;Roach_juv;10.2;91;1.35
Fishing;2021;P;3;Roach_juv;13.4;101;1.3
Fishing;2021;P;3;Roach_juv;7.2;80;1.41
Fishing;2021;P;3;Roach_juv;1.6;51;1.21
Fishing;2021;P;3;Rudd;172.4;209;1.89
Fishing;2021;P;3;Rudd;169.2;206;1.94
Fishing;2021;P;3;Rudd;170;215;1.71
Fishing;2021;P;3;Rudd;176;209;1.93
Fishing;2021;P;3;Rudd;157.4;202;1.91
Fishing;2021;P;3;Rudd;147.4;193;2.05
Fishing;2021;P;3;Rudd;217.4;223;1.96
Fishing;2021;P;3;Rudd;139.6;191;2
Fishing;2021;P;3;Zander;4.6;86;0.72
Fishing;2021;P;3;Zander;4;82;0.73
Fishing;2021;P;3;Zander;2.2;69;0.67
Fishing;2021;P;3;Zander;4.2;83;0.73
Fishing;2021;P;3;Tench_juv;8.8;84;1.48
Fishing;2021;P;3;Tench_juv;11.4;91;1.51
Fishing;2021;P;3;Tench_juv;8.4;83;1.47
Fishing;2021;P;3;Tench;711.4;355;1.59
Fishing;2021;P;3;Tench;294.2;270;1.49
Fishing;2021;P;3;Tench;549.4;322;1.65
Fishing;2021;P;3;Tench;291.8;273;1.43
Fishing;2021;P;3;Tench;243.8;258;1.42
Fishing;2021;P;3;Tench;599;324;1.76
Fishing;2021;P;3;Tench;820.6;392;1.36
Fishing;2021;P;3;Tench;621.4;341;1.57
Fishing;2021;P;3;Tench;323.4;287;1.37
Fishing;2021;P;3;Tench;370.2;292;1.49
Fishing;2021;P;3;Tench;618.4;341;1.56
Fishing;2021;P;3;Roach;124.4;200;1.56
Fishing;2021;P;3;Roach;129.8;197;1.7
Fishing;2021;P;3;Roach;183.3;218;1.77
Fishing;2021;P;3;Roach;98.8;182;1.64
Fishing;2021;P;3;Roach;87;172;1.71
Fishing;2021;P;3;Roach;170;217;1.66
Fishing;2021;P;3;Roach;163.3;212;1.71
Fishing;2021;P;3;Roach;138.4;202;1.68
Fishing;2021;P;3;Roach;102.6;189;1.52
Fishing;2021;P;3;Roach;154.3;206;1.77
Fishing;2021;P;3;Roach;126.6;194;1.73
Fishing;2021;P;3;Roach;158.9;207;1.79
Fishing;2021;P;3;Roach;79.6;176;1.46
Fishing;2021;P;3;Roach;145.3;204;1.71
Fishing;2021;P;3;Roach;97.9;186;1.52
Fishing;2021;P;3;Roach;119.1;196;1.58
Fishing;2021;P;3;Roach;82.3;173;1.59
Fishing;2021;P;3;Roach_juv;3.6;65;1.31
Fishing;2021;P;3;Roach_juv;9.7;93;1.21
Fishing;2021;P;3;Roach_juv;4.7;71;1.31
Fishing;2021;P;3;Roach_juv;12.7;99;1.31
Fishing;2021;P;3;Roach_juv;8.7;90;1.19
Fishing;2021;P;3;Roach_juv;0.9;46;0.92
Fishing;2021;P;3;Roach_juv;10.2;93;1.27
Fishing;2021;P;3;Roach_juv;4.9;74;1.21
Fishing;2021;P;3;Roach_juv;1.1;50;0.88
Fishing;2021;P;3;Roach_juv;9.3;89;1.32
Fishing;2021;P;3;Roach_juv;5.2;74;1.28
Fishing;2021;P;3;Roach_juv;9.8;90;1.34
Fishing;2021;P;3;Roach_juv;3.1;62;1.3
Fishing;2021;P;3;Roach_juv;0.9;45;0.99
Fishing;2021;P;3;Roach_juv;9.2;89;1.31
Fishing;2021;P;3;Roach_juv;3.2;65;1.17
Fishing;2021;P;3;Roach_juv;9.6;89;1.36
Fishing;2021;P;3;Roach_juv;4.5;72;1.21
Fishing;2021;P;3;Roach_juv;5.7;74;1.41
Fishing;2021;P;3;Roach_juv;10.5;93;1.31
Fishing;2021;P;3;Roach_juv;2.7;63;1.08
Fishing;2021;P;3;Roach_juv;3.1;65;1.13
Fishing;2021;P;3;Roach_juv;10.1;93;1.26
Fishing;2021;P;3;Roach_juv;3.9;72;1.04
Fishing;2021;P;3;Roach_juv;9;89;1.28
Fishing;2021;P;3;Roach_juv;10.7;94;1.29
Fishing;2021;P;3;Roach_juv;10.7;93;1.33
Fishing;2021;P;3;Roach_juv;5.4;75;1.28
Fishing;2021;P;3;Roach_juv;3.6;67;1.2
Fishing;2021;P;3;Roach_juv;13.6;99;1.4
Fishing;2021;P;3;Roach_juv;11.3;97;1.24
Fishing;2021;P;3;Roach_juv;13.1;101;1.27
Fishing;2021;P;3;Roach_juv;10.4;92;1.34
Fishing;2021;P;3;Roach_juv;10.7;95;1.25
Fishing;2021;P;3;Roach_juv;2.6;57;1.4
Fishing;2021;P;3;Roach_juv;3.4;63;1.36
Fishing;2021;P;3;Roach_juv;9.6;90;1.32
Fishing;2021;P;3;Roach_juv;9.2;89;1.31
Fishing;2021;P;3;Roach_juv;9.8;90;1.34
Fishing;2021;P;3;Roach_juv;11.2;92;1.44
Fishing;2021;P;3;Roach_juv;10.7;95;1.25
Fishing;2021;P;3;Roach_juv;11.4;94;1.37
Fishing;2021;P;3;Roach_juv;4.8;73;1.23
Fishing;2021;P;3;Roach_juv;10;90;1.37
Fishing;2021;P;3;Roach_juv;9.6;91;1.27
Fishing;2021;P;3;Roach_juv;3.7;68;1.18
Fishing;2021;P;3;Roach_juv;2.7;60;1.25
Fishing;2021;P;3;Roach_juv;11;94;1.32
Fishing;2021;P;3;Roach_juv;11.4;95;1.33
Fishing;2021;P;3;Roach_juv;10.2;94;1.23
Fishing;2021;P;3;Roach_juv;5.2;75;1.23
Fishing;2021;P;3;Roach_juv;3.7;68;1.18
Fishing;2021;P;3;Roach_juv;2.8;65;1.02
Fishing;2021;P;3;Roach_juv;12.7;100;1.27
Fishing;2021;P;3;Rudd;163.3;206;1.87
Fishing;2021;P;3;Zander;3.8;79;0.77
Fishing;2021;P;3;Zander;3.2;77;0.7
Fishing;2021;P;3;Zander;3.7;80;0.72
Fishing;2021;P;3;Tench_juv;1.2;42;1.62
Fishing;2021;P;3;Tench_juv;5.7;73;1.47
Fishing;2021;P;3;Tench_juv;0.8;39;1.35
Fishing;2021;P;3;Tench_juv;21.7;113;1.5
Fishing;2021;C;4;Carp;1176.2;353;2.67
Fishing;2021;C;4;Carp;1768;403;2.7
Fishing;2021;C;4;Carp;1804;406;2.7
Fishing;2021;C;4;Carp;1778;362;3.75
Fishing;2021;C;4;Carp;2058;390;3.47
Fishing;2021;C;4;Carp;1539;387;2.66
Fishing;2021;C;4;Carp;2150;403;3.28
Fishing;2021;C;4;Carp;1134;354;2.56
Fishing;2021;C;4;Carp;1251;374;2.39
Fishing;2021;C;4;Carp;1565;347;3.75
Fishing;2021;C;4;Carp;1264;358;2.75
Fishing;2021;C;4;Carp;1216;362;2.56
Fishing;2021;C;4;Carp;1369;343;3.39
Fishing;2021;C;4;Carp;1330;361;2.83
Fishing;2021;C;4;Carp;688;300;2.55
Fishing;2021;C;4;Carp;960;343;2.38
Fishing;2021;C;4;Carp;1407;390;2.37
Fishing;2021;C;4;Roach_juv;1.6;50;1.28
Fishing;2021;C;4;Zander;6.8;91;0.9
Fishing;2021;C;4;Zander;8.2;105;0.71
Fishing;2021;C;4;Zander;7;98;0.74
Fishing;2021;C;4;Zander;8.4;97;0.92
Fishing;2021;C;4;Zander;6.4;95;0.75
Fishing;2021;C;4;Zander;6.4;96;0.72
Fishing;2021;C;4;Zander;6.4;96;0.72
Fishing;2021;C;4;Zander;7.2;100;0.72
Fishing;2021;C;4;Zander;9;110;0.68
Fishing;2021;C;4;Zander;5.8;91;0.77
Fishing;2021;C;4;Zander;6.8;95;0.79
Fishing;2021;C;4;Zander;7;97;0.77
Fishing;2021;C;4;Zander;5.6;90;0.77
Fishing;2021;C;4;Zander;6.2;96;0.7
Fishing;2021;C;4;Zander;7.8;104;0.69
Fishing;2021;C;4;Zander;6.6;96;0.75
Fishing;2021;C;4;Zander;7.2;99;0.74
Fishing;2021;C;4;Zander;6.4;97;0.7
Fishing;2021;C;4;Zander;6.8;97;0.75
Fishing;2021;C;4;Zander;6.8;97;0.75
Fishing;2021;C;4;Zander;6;96;0.68
Fishing;2021;C;4;Zander;6.8;96;0.77
Fishing;2021;C;4;Zander;7;99;0.72
Fishing;2021;C;4;Zander;6.2;95;0.72
Fishing;2021;C;4;Zander;6;92;0.77
Fishing;2021;C;4;Zander;6.2;95;0.72
Fishing;2021;C;4;Zander;6.8;99;0.7
Fishing;2021;C;4;Zander;5.6;90;0.77
Fishing;2021;C;4;Zander;7.4;99;0.76
Fishing;2021;C;4;Zander;6.2;96;0.7
Fishing;2021;C;4;Zander;5.4;94;0.65
Fishing;2021;C;4;Zander;6.4;95;0.75
Fishing;2021;C;4;Zander;5.6;91;0.74
Fishing;2021;C;4;Zander;7.2;96;0.81
Fishing;2021;C;4;Zander;6;96;0.68
Fishing;2021;C;4;Zander;7.2;97;0.79
Fishing;2021;C;4;Zander;6.2;94;0.75
Fishing;2021;C;4;Zander;7.2;102;0.68
Fishing;2021;C;4;Zander;6.4;96;0.72
Fishing;2021;C;4;Zander;6.6;98;0.7
Fishing;2021;C;4;Zander;6.2;95;0.72
Fishing;2021;C;4;Zander;8.6;104;0.76
Fishing;2021;C;4;Zander;6.4;94;0.77
Fishing;2021;C;4;Zander;6.8;98;0.72
Fishing;2021;C;4;Zander;7.6;99;0.78
Fishing;2021;C;4;Zander;8;105;0.69
Fishing;2021;C;4;Zander;6.2;95;0.72
Fishing;2021;C;4;Zander;5.4;80;1.05
Fishing;2021;C;4;Zander;7.6;101;0.74
Fishing;2021;C;4;Zander;6;95;0.7
Fishing;2021;C;4;Tench_juv;1;45;1.1
Fishing;2021;C;4;Tench;490.2;317;1.54
Fishing;2021;C;4;Tench;514;319;1.58
Fishing;2021;C;4;Tench;658.6;343;1.63
Fishing;2021;C;4;Tench;504.4;319;1.55
Fishing;2021;C;4;Tench;765.8;359;1.66
Fishing;2021;C;4;Tench;936.4;374;1.79
Fishing;2021;C;4;Tench;548.2;332;1.5
Fishing;2021;C;4;Tench;377.4;287;1.6
Fishing;2021;C;4;Tench;740.6;363;1.55
Fishing;2021;C;4;Tench;523.4;322;1.57
Fishing;2021;C;4;Mussel;46.7;79;9.47
Fishing;2021;C;4;Mussel;27.2;67;9.04
Fishing;2021;C;4;Mussel;30.2;68;9.6
Fishing;2021;C;4;Mussel;39.9;76;9.09
Fishing;2021;C;4;Mussel;33.4;73;8.59
Fishing;2021;C;4;Roach_juv;2.5;59;1.22
Fishing;2021;C;4;Zander;7.7;100;0.77
Fishing;2021;C;4;Zander;8.2;104;0.73
Fishing;2021;C;4;Zander;6.4;95;0.75
Fishing;2021;C;4;Zander;6;94;0.72
Fishing;2021;C;4;Zander;7.3;100;0.73
Fishing;2021;C;4;Zander;5.2;92;0.67
Fishing;2021;C;4;Zander;8.3;104;0.74
Fishing;2021;C;4;Zander;7.9;103;0.72
Fishing;2021;C;4;Zander;6.4;95;0.75
Fishing;2021;C;4;Zander;5.8;93;0.72
Fishing;2021;C;4;Zander;6.4;96;0.72
Fishing;2021;C;4;Zander;7.4;101;0.72
Fishing;2021;C;4;Zander;6.3;95;0.73
Fishing;2021;C;4;Zander;8.8;110;0.66
Fishing;2021;C;4;Zander;7.8;102;0.74
Fishing;2021;C;4;Zander;6.1;96;0.69
Fishing;2021;C;4;Zander;6.6;96;0.75
Fishing;2021;C;4;Zander;6.7;98;0.71
Fishing;2021;C;4;Zander;7;101;0.68
Fishing;2021;C;4;Zander;5.6;92;0.72
Fishing;2021;C;4;Zander;6.7;97;0.73
Fishing;2021;C;4;Zander;5.8;93;0.72
Fishing;2021;C;4;Zander;6.1;94;0.73
Fishing;2021;C;4;Zander;5.4;92;0.69
Fishing;2021;C;4;Zander;6.7;96;0.76
Fishing;2021;C;4;Zander;6;94;0.72
Fishing;2021;C;4;Zander;7;99;0.72
Fishing;2021;C;4;Zander;6.9;99;0.71
Fishing;2021;C;4;Zander;6.2;99;0.64
Fishing;2021;C;4;Zander;6.9;100;0.69
Fishing;2021;C;4;Zander;7;101;0.68
Fishing;2021;C;4;Zander;6.4;96;0.72
Fishing;2021;C;4;Zander;6;93;0.75
Fishing;2021;C;4;Zander;6.8;98;0.72
Fishing;2021;C;4;Zander;5.4;91;0.72
Fishing;2021;C;4;Zander;6.3;96;0.71
Fishing;2021;C;4;Zander;7.7;105;0.67
Fishing;2021;C;4;Zander;6.2;95;0.72
Fishing;2021;C;4;Zander;7;99;0.72
Fishing;2021;C;4;Zander;6.3;94;0.76
Fishing;2021;C;4;Zander;5.7;93;0.71
Fishing;2021;C;4;Zander;6;96;0.68
Fishing;2021;C;4;Zander;6.8;99;0.7
Fishing;2021;C;4;Zander;6.5;99;0.67
Fishing;2021;C;4;Zander;7.4;107;0.6
Fishing;2021;C;4;Zander;6.5;97;0.71
Fishing;2021;C;4;Zander;6.2;94;0.75
Fishing;2021;C;4;Zander;8.1;105;0.7
Fishing;2021;C;4;Zander;7.9;102;0.74
Fishing;2021;C;4;Zander;6.7;97;0.73
Fishing;2021;C;4;Zander;6.8;98;0.72
Fishing;2021;C;4;Zander;9.2;106;0.77
Fishing;2021;C;4;Zander;6.4;98;0.68
Fishing;2021;C;4;Zander;6.9;97;0.76
Fishing;2021;C;4;Zander;7.4;100;0.74
Fishing;2021;C;4;Zander;5.1;91;0.68
Fishing;2021;C;4;Zander;6.8;99;0.7
Fishing;2021;C;4;Zander;7;99;0.72
Fishing;2021;C;4;Zander;6.6;96;0.75
Fishing;2021;C;4;Zander;7.5;101;0.73
Fishing;2021;C;4;Zander;6.2;96;0.7
Fishing;2021;C;4;Zander;6.4;97;0.7
Fishing;2021;C;4;Zander;6.3;96;0.71
Fishing;2021;C;4;Zander;5.8;95;0.68
Fishing;2021;C;4;Tench_juv;1.3;47;1.25
Fishing;2021;C;4;Tench_juv;0.8;44;0.94
Fishing;2021;C;4;Tench_juv;2.7;59;1.31
Fishing;2021;C;4;Tench_juv;1.5;40;2.34
Fishing;2021;C;4;Tench_juv;1.4;45;1.54
Fishing;2021;C;4;Tench_juv;0.9;39;1.52
Fishing;2021;C;4;Tench_juv;0.9;42;1.21
Fishing;2021;C;4;Tench_juv;0.9;46;0.92
Fishing;2021;C;4;Tench_juv;0.9;48;0.81
Fishing;2021;C;4;Tench_juv;1.1;44;1.29
Fishing;2021;C;4;Tench_juv;0.8;41;1.16
Fishing;2021;C;4;Tench_juv;0.5;34;1.27
Fishing;2021;C;4;Roach;175.2;215;1.76
Fishing;2021;C;4;Roach;167.3;205;1.94
Fishing;2021;C;4;Roach;168.9;205;1.96
Fishing;2021;C;4;Roach;131.2;191;1.88
Fishing;2021;C;4;Roach;116.1;191;1.67
Fishing;2021;C;4;Roach;177.4;218;1.71
Fishing;2021;C;4;Roach;141.1;196;1.87
Fishing;2021;C;4;Roach;146;202;1.77
Fishing;2021;C;4;Roach;103;185;1.63
Fishing;2021;C;4;Roach;132.3;202;1.61
Fishing;2021;C;4;Roach;136.3;194;1.87
Fishing;2021;C;4;Roach;140.1;204;1.65
Fishing;2021;C;4;Roach;127.8;204;1.51
Fishing;2021;C;4;Roach;126.3;199;1.6
Fishing;2021;C;4;Roach;138.1;212;1.45
Fishing;2021;C;4;Roach;166;208;1.84
Fishing;2021;C;4;Roach;143.2;207;1.61
Fishing;2021;C;4;Roach;121;182;2.01
Fishing;2021;C;4;Roach;168.4;220;1.58
Fishing;2021;C;4;Roach;114.9;191;1.65
Fishing;2021;C;4;Roach;121.9;190;1.78
Fishing;2021;C;4;Roach;142.2;206;1.63
Fishing;2021;C;4;Roach;186.7;216;1.85
Fishing;2021;C;4;Roach;127.1;202;1.54
Fishing;2021;C;4;Roach;119.4;192;1.69
Fishing;2021;C;4;Roach;135.5;201;1.67
Fishing;2021;C;4;Roach;136.2;200;1.7
Fishing;2021;C;4;Roach;54.7;203;0.65
Fishing;2021;C;4;Roach;209.7;223;1.89
Fishing;2021;C;4;Roach;137.1;203;1.64
Fishing;2021;C;4;Roach;135.7;195;1.83
Fishing;2021;C;4;Roach;10.2;178;0.18
Fishing;2021;C;4;Roach;129;194;1.77
Fishing;2021;C;4;Roach;157;213;1.62
Fishing;2021;C;4;Roach;200;223;1.8
Fishing;2021;C;4;Roach;138;199;1.75
Fishing;2021;C;4;Roach;192;230;1.58
Fishing;2021;C;4;Roach;107.1;194;1.47
Fishing;2021;C;4;Roach;186.1;222;1.7
Fishing;2021;C;4;Roach;149.3;213;1.54
Fishing;2021;C;4;Roach;159;213;1.65
Fishing;2021;C;4;Roach;120;205;1.39
Fishing;2021;C;4;Roach;148;216;1.47
Fishing;2021;C;4;Roach;152.3;201;1.88
Fishing;2021;C;4;Roach;139.2;212;1.46
Fishing;2021;C;4;Roach;99;183;1.62
Fishing;2021;C;4;Roach;47.2;191;0.68
Fishing;2021;C;4;Roach;131.5;202;1.6
Fishing;2021;C;4;Roach;163;217;1.6
Fishing;2021;C;4;Roach;151.2;211;1.61
Fishing;2021;C;4;Roach;98.8;185;1.56
Fishing;2021;C;4;Roach;174;221;1.61
Fishing;2021;C;4;Roach;95.1;195;1.28
Fishing;2021;C;4;Roach;119.8;195;1.62
Fishing;2021;C;4;Roach;111.2;200;1.39
Fishing;2021;C;4;Roach;142.2;201;1.75
Fishing;2021;C;4;Roach_juv;10.3;94;1.24
Fishing;2021;C;4;Roach_juv;1.5;54;0.95
Fishing;2021;C;4;Roach_juv;1.1;51;0.83
Fishing;2021;C;4;Roach_juv;3.5;63;1.4
Fishing;2021;C;4;Roach_juv;2.8;62;1.17
Fishing;2021;C;4;Roach_juv;0.9;48;0.81
Fishing;2021;C;4;Roach_juv;1.1;49;0.93
Fishing;2021;C;4;Roach_juv;1.9;55;1.14
Fishing;2021;C;4;Roach_juv;16.1;108;1.28
Fishing;2021;C;4;Roach_juv;1.4;53;0.94
Fishing;2021;C;4;Roach_juv;2.6;63;1.04
Fishing;2021;C;4;Roach_juv;1.3;54;0.83
Fishing;2021;C;4;Roach_juv;2;56;1.14
Fishing;2021;C;4;Roach_juv;1.6;51;1.21
Fishing;2021;C;4;Roach_juv;0.4;37;0.79
Fishing;2021;C;4;Roach_juv;1.1;51;0.83
Fishing;2021;C;4;Roach_juv;3.2;63;1.28
Fishing;2021;C;4;Roach_juv;12.5;101;1.21
Fishing;2021;C;4;Roach_juv;2.1;56;1.2
Fishing;2021;C;4;Roach_juv;13;103;1.19
Fishing;2021;C;4;Roach_juv;13.8;102;1.3
Fishing;2021;C;4;Roach_juv;11.3;95;1.32
Fishing;2021;C;4;Rudd;125.5;182;2.08
Fishing;2021;C;4;Rudd;171.2;207;1.93
Fishing;2021;C;4;Rudd;102.1;176;1.87
Fishing;2021;C;4;Rudd;168.2;205;1.95
Fishing;2021;C;4;Rudd;127.9;188;1.92
Fishing;2021;C;4;Rudd;195.7;216;1.94
Fishing;2021;C;4;Rudd;119.5;197;1.56
Fishing;2021;C;4;Rudd;147.8;203;1.77
Fishing;2021;C;4;Rudd;202.3;224;1.8
Fishing;2021;C;4;Rudd;118.1;185;1.87
Fishing;2021;C;4;Tench_juv;0.6;36;1.29
Fishing;2021;C;4;Tench_juv;2.9;59;1.41
Fishing;2021;C;4;Tench_juv;1.1;44;1.29
Fishing;2021;C;4;Roach;134;196;1.78
Fishing;2021;C;4;Roach;136.5;202;1.66
Fishing;2021;C;4;Roach;105.7;185;1.67
Fishing;2021;C;4;Roach;135;204;1.59
Fishing;2021;C;4;Roach;92.7;182;1.54
Fishing;2021;C;4;Roach;125.7;193;1.75
Fishing;2021;C;4;Roach;135.3;201;1.67
Fishing;2021;C;4;Roach;156.8;207;1.77
Fishing;2021;C;4;Roach;117.7;194;1.61
Fishing;2021;C;4;Roach;129.4;196;1.72
Fishing;2021;C;4;Roach;149.6;203;1.79
Fishing;2021;C;4;Roach;167.6;206;1.92
Fishing;2021;C;4;Roach;146.9;199;1.86
Fishing;2021;C;4;Roach;116.5;194;1.6
Fishing;2021;C;4;Roach;81.7;170;1.66
Fishing;2021;C;4;Roach;145;199;1.84
Fishing;2021;C;4;Roach;136.3;201;1.68
Fishing;2021;C;4;Roach;159;205;1.85
Fishing;2021;C;4;Roach;110;192;1.55
Fishing;2021;C;4;Roach;142.1;202;1.72
Fishing;2021;C;4;Roach;148.8;206;1.7
Fishing;2021;C;4;Roach;144.7;204;1.7
Fishing;2021;C;4;Roach;127.9;199;1.62
Fishing;2021;C;4;Roach;102.8;185;1.62
Fishing;2021;C;4;Roach;164;207;1.85
Fishing;2021;C;4;Roach;123.1;200;1.54
Fishing;2021;C;4;Roach;169.5;207;1.91
Fishing;2021;C;4;Roach;165.8;208;1.84
Fishing;2021;C;4;Roach;120.6;193;1.68
Fishing;2021;C;4;Roach;93;185;1.47
Fishing;2021;C;4;Roach;121;188;1.82
Fishing;2021;C;4;Roach;124.5;193;1.73
Fishing;2021;C;4;Roach;123.2;193;1.71
Fishing;2021;C;4;Roach;107.8;184;1.73
Fishing;2021;C;4;Roach;107.3;184;1.72
Fishing;2021;C;4;Roach;130.2;194;1.78
Fishing;2021;C;4;Roach;161.1;216;1.6
Fishing;2021;C;4;Roach;111.5;191;1.6
Fishing;2021;C;4;Roach;136.4;195;1.84
Fishing;2021;C;4;Roach;125.2;198;1.61
Fishing;2021;C;4;Roach;191.8;219;1.83
Fishing;2021;C;4;Roach;130.1;198;1.68
Fishing;2021;C;4;Roach;162.5;207;1.83
Fishing;2021;C;4;Roach;138.4;203;1.65
Fishing;2021;C;4;Roach;131.4;197;1.72
Fishing;2021;C;4;Roach;86.4;175;1.61
Fishing;2021;C;4;Roach;112.8;187;1.72
Fishing;2021;C;4;Roach;148.5;203;1.78
Fishing;2021;C;4;Roach;148.8;199;1.89
Fishing;2021;C;4;Roach;132.9;199;1.69
Fishing;2021;C;4;Roach;235.3;234;1.84
Fishing;2021;C;4;Roach;128.2;193;1.78
Fishing;2021;C;4;Roach;134.1;196;1.78
Fishing;2021;C;4;Roach;113.5;189;1.68
Fishing;2021;C;4;Roach;108.3;187;1.66
Fishing;2021;C;4;Roach;111.4;186;1.73
Fishing;2021;C;4;Roach_juv;2.2;55;1.32
Fishing;2021;C;4;Roach_juv;1.3;48;1.18
Fishing;2021;C;4;Roach_juv;1.4;48;1.27
Fishing;2021;C;4;Roach_juv;1.2;48;1.09
Fishing;2021;C;4;Roach_juv;0.7;40;1.09
Fishing;2021;C;4;Roach_juv;1.1;45;1.21
Fishing;2021;C;4;Roach_juv;1;37;1.97
Fishing;2021;C;4;Roach_juv;0.8;39;1.35
Fishing;2021;C;4;Rudd;159;203;1.9
Fishing;2021;C;4;Rudd;171.8;215;1.73
Fishing;2021;C;4;Rudd;124.5;182;2.07
Fishing;2021;C;4;Rudd;191;220;1.79
Fishing;2021;C;4;Rudd;101;174;1.92
Fishing;2021;C;4;Rudd;196.7;214;2.01
Fishing;2021;C;4;Roach_juv;3.2;63;1.28
Fishing;2021;C;4;Rudd;127.9;189;1.89
Fishing;2021;C;4;Zander;6.6;99;0.68
Fishing;2021;P;5;Carp;2106.6;415;2.95
Fishing;2021;P;5;Carp;921.2;304;3.28
Fishing;2021;P;5;Carp;1694;407;2.51
Fishing;2021;P;5;Carp;1356;386;2.36
Fishing;2021;P;5;Carp;1129.6;360;2.42
Fishing;2021;P;5;Carp;1861.2;381;3.37
Fishing;2021;P;5;Carp;1668;363;3.49
Fishing;2021;P;5;Carp;1522.8;370;3.01
Fishing;2021;P;5;Carp;611;293;2.43
Fishing;2021;P;5;Carp;1726.6;400;2.7
Fishing;2021;P;5;Carp;1406.2;381;2.54
Fishing;2021;P;5;Carp;1210.8;353;2.75
Fishing;2021;P;5;Carp;1619.4;368;3.25
Fishing;2021;P;5;Carp;778.2;309;2.64
Fishing;2021;P;5;Carp;1445.8;392;2.4
Fishing;2021;P;5;Carp;1797.8;374;3.44
Fishing;2021;P;5;Carp;1371.4;380;2.5
Fishing;2021;P;5;Carp;968.4;301;3.55
Fishing;2021;P;5;Carp;1007.2;360;2.16
Fishing;2021;P;5;Carp;1303.6;354;2.94
Fishing;2021;P;5;Carp;901.2;336;2.38
Fishing;2021;P;5;Carp;978.8;342;2.45
Fishing;2021;P;5;Carp;1247.2;358;2.72
Fishing;2021;P;5;Carp;1304;385;2.29
Fishing;2021;P;5;Roach_juv;8.1;83;1.42
Fishing;2021;P;5;Roach_juv;2.8;60;1.3
Fishing;2021;P;5;Roach_juv;8.4;82;1.52
Fishing;2021;P;5;Roach_juv;5;71;1.4
Fishing;2021;P;5;Mussel;43.4;77;9.51
Fishing;2021;P;5;Mussel;42;77;9.2
Fishing;2021;P;5;Mussel;35.4;73;9.1
Fishing;2021;P;5;Mussel;54.7;89;7.76
Fishing;2021;P;5;Mussel;32.1;75;7.61
Fishing;2021;P;5;Zander;7.3;101;0.71
Fishing;2021;P;5;Zander;5;82;0.91
Fishing;2021;P;5;Zander;5;86;0.79
Fishing;2021;P;5;Zander;38.8;163;0.9
Fishing;2021;P;5;Zander;5.4;89;0.77
Fishing;2021;P;5;Zander;4.8;83;0.84
Fishing;2021;P;5;Zander;4.3;83;0.75
Fishing;2021;P;5;Zander;40.6;168;0.86
Fishing;2021;P;5;Zander;4.1;80;0.8
Fishing;2021;P;5;Zander;3.3;77;0.72
Fishing;2021;P;5;Zander;5.4;88;0.79
Fishing;2021;P;5;Zander;23.5;150;0.7
Fishing;2021;P;5;Zander;5;89;0.71
Fishing;2021;P;5;Zander;5.5;91;0.73
Fishing;2021;P;5;Zander;5;87;0.76
Fishing;2021;P;5;Zander;4.1;80;0.8
Fishing;2021;P;5;Zander;5.3;91;0.7
Fishing;2021;P;5;Zander;5.2;90;0.71
Fishing;2021;P;5;Zander;4.7;85;0.77
Fishing;2021;P;5;Zander;21.8;140;0.79
Fishing;2021;P;5;Zander;14.6;124;0.77
Fishing;2021;P;5;Zander;4.7;89;0.67
Fishing;2021;P;5;Zander;3.5;76;0.8
Fishing;2021;P;5;Zander;5.8;92;0.74
Fishing;2021;P;5;Zander;4;81;0.75
Fishing;2021;P;5;Zander;4.8;87;0.73
Fishing;2021;P;5;Zander;37.2;157;0.96
Fishing;2021;P;5;Zander;5.5;90;0.75
Fishing;2021;P;5;Zander;4.6;80;0.9
Fishing;2021;P;5;Zander;4.6;84;0.78
Fishing;2021;P;5;Zander;5.1;88;0.75
Fishing;2021;P;5;Zander;7.7;103;0.7
Fishing;2021;P;5;Zander;8.8;106;0.74
Fishing;2021;P;5;Zander;5.3;89;0.75
Fishing;2021;P;5;Zander;4.5;85;0.73
Fishing;2021;P;5;Zander;3.7;82;0.67
Fishing;2021;P;5;Zander;3.7;77;0.81
Fishing;2021;P;5;Zander;5.7;93;0.71
Fishing;2021;P;5;Zander;4.5;84;0.76
Fishing;2021;P;5;Zander;4;82;0.73
Fishing;2021;P;5;Zander;2.9;73;0.75
Fishing;2021;P;5;Zander;40.3;167;0.87
Fishing;2021;P;5;Zander;40.3;167;0.87
Fishing;2021;P;5;Zander;40.3;167;0.87
Fishing;2021;P;5;Zander;40.3;167;0.87
Fishing;2021;P;5;Zander;40.3;167;0.87
Fishing;2021;P;5;Zander;35;159;0.87
Fishing;2021;P;5;Zander;25.2;144;0.84
Fishing;2021;P;5;Zander;33.6;158;0.85
Fishing;2021;P;5;Zander;19;133;0.81
Fishing;2021;P;5;Zander;29.9;154;0.82
Fishing;2021;P;5;Zander;22.2;142;0.78
Fishing;2021;P;5;Tench;672;337;1.76
Fishing;2021;P;5;Tench;823;361;1.75
Fishing;2021;P;5;Tench;678.6;355;1.52
Fishing;2021;P;5;Tench;380.9;281;1.72
Fishing;2021;P;5;Tench;348.8;274;1.7
Fishing;2021;P;5;Tench_juv;1.4;47;1.35
Fishing;2021;P;5;Tench_juv;21.1;108;1.67
Fishing;2021;P;5;Tench_juv;7.3;74;1.8
Fishing;2021;P;5;Tench_juv;19;104;1.69
Fishing;2021;P;5;Tench_juv;18.2;104;1.62
Fishing;2021;P;5;Tench_juv;39.6;134;1.65
Fishing;2021;P;5;Tench_juv;18;109;1.39
Fishing;2021;P;5;Tench_juv;22.1;111;1.62
Fishing;2021;P;5;Tench_juv;27.8;122;1.53
Fishing;2021;P;5;Tench_juv;7.1;75;1.68
Fishing;2021;P;5;Tench_juv;2;53;1.34
Fishing;2021;P;5;Tench_juv;24.1;110;1.81
Fishing;2021;P;5;Tench_juv;31.2;125;1.6
Fishing;2021;P;5;Tench_juv;30.3;126;1.51
Fishing;2021;P;5;Tench_juv;17.7;107;1.44
Fishing;2021;P;5;Tench_juv;11.6;92;1.49
Fishing;2021;P;5;Tench_juv;20.4;110;1.53
Fishing;2021;P;5;Tench_juv;7.6;78;1.6
Fishing;2021;P;5;Tench_juv;7.6;78;1.6
Fishing;2021;P;5;Tench_juv;7.9;80;1.54
Fishing;2021;P;5;Tench_juv;14.2;100;1.42
Fishing;2021;P;5;Tench_juv;10.7;84;1.81
Fishing;2021;P;5;Tench_juv;15.2;103;1.39
Fishing;2021;P;5;Tench_juv;8.9;83;1.56
Fishing;2021;P;5;Tench_juv;7.6;78;1.6
Fishing;2021;P;5;Tench_juv;26.8;121;1.51
Fishing;2021;P;5;Tench_juv;27.3;120;1.58
Fishing;2021;P;5;Tench_juv;5.5;71;1.54
Fishing;2021;P;5;Tench_juv;8.4;79;1.7
Fishing;2021;P;5;Tench_juv;14.6;97;1.6
Fishing;2021;P;5;Tench_juv;10.2;88;1.5
Fishing;2021;P;5;Tench_juv;25.7;115;1.69
Fishing;2021;P;5;Tench_juv;35.3;130;1.61
Fishing;2021;P;5;Tench_juv;18.4;109;1.42
Fishing;2021;P;5;Tench_juv;16;102;1.51
Fishing;2021;P;5;Tench_juv;14.3;100;1.43
Fishing;2021;P;5;Tench_juv;7;77;1.53
Fishing;2021;P;5;Tench_juv;7.6;78;1.6
Fishing;2021;P;5;Tench_juv;2.3;53;1.54
Fishing;2021;P;5;Tench_juv;2.3;54;1.46
Fishing;2021;P;5;Tench_juv;1.7;50;1.36
Fishing;2021;P;5;Tench_juv;4.3;64;1.64
Fishing;2021;P;5;Tench_juv;15;98;1.59
Fishing;2021;P;5;Tench_juv;18.7;108;1.48
Fishing;2021;P;5;Tench_juv;18.2;103;1.67
Fishing;2021;P;5;Tench_juv;21.7;112;1.54
Fishing;2021;P;5;Tench_juv;20;109;1.54
Fishing;2021;P;5;Tench_juv;15.3;99;1.58
Fishing;2021;P;5;Tench_juv;10.5;90;1.44
Fishing;2021;P;5;Tench_juv;8.3;82;1.51
Fishing;2021;P;5;Tench_juv;5.8;73;1.49
Fishing;2021;P;5;Tench_juv;9.2;84;1.55
Fishing;2021;P;5;Tench_juv;8.7;81;1.64
Fishing;2021;P;5;Tench_juv;7.8;79;1.58
Fishing;2021;P;5;Tench_juv;4.1;66;1.43
Fishing;2021;P;5;Tench_juv;7.7;78;1.62
Fishing;2021;P;5;Tench_juv;15;99;1.55
Fishing;2021;P;5;Tench_juv;6.6;74;1.63
Fishing;2021;P;5;Tench_juv;3.5;61;1.54
Fishing;2021;P;5;Tench_juv;4.7;70;1.37
Fishing;2021;P;5;Tench_juv;9.5;85;1.55
Fishing;2021;P;5;Tench_juv;9.4;83;1.64
Fishing;2021;P;5;Tench_juv;10.3;87;1.56
Fishing;2021;P;5;Tench_juv;9.9;88;1.45
Fishing;2021;P;5;Tench_juv;4.6;68;1.46
Fishing;2021;P;5;Tench_juv;6.3;74;1.55
Fishing;2021;P;5;Tench_juv;1.1;42;1.48
Fishing;2021;P;5;Tench_juv;2.4;54;1.52
Fishing;2021;P;5;Tench_juv;5.9;73;1.52
Fishing;2021;P;5;Tench_juv;4.5;68;1.43
Fishing;2021;P;5;Tench_juv;3.8;65;1.38
Fishing;2021;P;5;Tench_juv;5.1;71;1.42
Fishing;2021;P;5;Tench_juv;5.7;74;1.41
Fishing;2021;P;5;Tench_juv;4;66;1.39
Fishing;2021;P;5;Tench_juv;1.8;51;1.36
Fishing;2021;P;5;Tench_juv;1.8;52;1.28
Fishing;2021;P;5;Tench_juv;4.6;69;1.4
Fishing;2021;P;5;Tench_juv;3.9;65;1.42
Fishing;2021;P;5;Tench_juv;5.3;71;1.48
Fishing;2021;P;5;Roach;156.9;205;1.82
Fishing;2021;P;5;Roach;109.6;190;1.6
Fishing;2021;P;5;Roach;98.1;186;1.52
Fishing;2021;P;5;Roach;134.2;211;1.43
Fishing;2021;P;5;Roach;114.9;191;1.65
Fishing;2021;P;5;Roach;115.3;200;1.44
Fishing;2021;P;5;Roach;109.5;189;1.62
Fishing;2021;P;5;Roach;146.4;216;1.45
Fishing;2021;P;5;Roach;110.6;191;1.59
Fishing;2021;P;5;Roach;205.9;225;1.81
Fishing;2021;P;5;Roach;115.3;200;1.44
Fishing;2021;P;5;Roach;93.8;185;1.48
Fishing;2021;P;5;Roach;114.9;186;1.79
Fishing;2021;P;5;Roach;142.1;210;1.53
Fishing;2021;P;5;Roach;115.3;200;1.44
Fishing;2021;P;5;Roach;115.3;200;1.44
Fishing;2021;P;5;Roach;105.9;186;1.65
Fishing;2021;P;5;Roach;138.7;210;1.5
Fishing;2021;P;5;Roach;120.4;197;1.57
Fishing;2021;P;5;Roach;101.8;192;1.44
Fishing;2021;P;5;Roach;155.4;212;1.63
Fishing;2021;P;5;Roach;135.8;203;1.62
Fishing;2021;P;5;Roach;139.6;209;1.53
Fishing;2021;P;5;Roach;83.2;177;1.5
Fishing;2021;P;5;Roach;115;195;1.55
Fishing;2021;P;5;Roach;114.8;187;1.76
Fishing;2021;P;5;Roach;145.4;207;1.64
Fishing;2021;P;5;Roach;126.6;192;1.79
Fishing;2021;P;5;Roach;114.2;196;1.52
Fishing;2021;P;5;Roach;117.6;183;1.92
Fishing;2021;P;5;Roach;131.8;193;1.83
Fishing;2021;P;5;Roach;114.4;189;1.69
Fishing;2021;P;5;Roach;148.2;205;1.72
Fishing;2021;P;5;Roach;102.8;187;1.57
Fishing;2021;P;5;Roach;122;187;1.87
Fishing;2021;P;5;Roach;105.8;182;1.75
Fishing;2021;P;5;Roach;140.4;203;1.68
Fishing;2021;P;5;Roach;102.8;186;1.6
Fishing;2021;P;5;Roach;146;201;1.8
Fishing;2021;P;5;Roach;130.8;193;1.82
Fishing;2021;P;5;Roach;116.4;188;1.75
Fishing;2021;P;5;Roach;101.8;190;1.48
Fishing;2021;P;5;Roach;89.2;178;1.58
Fishing;2021;P;5;Roach;123.8;188;1.86
Fishing;2021;P;5;Roach;96;179;1.67
Fishing;2021;P;5;Roach;112.6;200;1.41
Fishing;2021;P;5;Roach;102.6;181;1.73
Fishing;2021;P;5;Roach;91;173;1.76
Fishing;2021;P;5;Roach;193.2;231;1.57
Fishing;2021;P;5;Roach;89.4;186;1.39
Fishing;2021;P;5;Roach;121;195;1.63
Fishing;2021;P;5;Roach;82.2;182;1.36
Fishing;2021;P;5;Roach;121.8;198;1.57
Fishing;2021;P;5;Roach;105.8;185;1.67
Fishing;2021;P;5;Roach;100.8;187;1.54
Fishing;2021;P;5;Roach_juv;8.8;88;1.29
Fishing;2021;P;5;Roach_juv;9.5;85;1.55
Fishing;2021;P;5;Roach_juv;3.1;67;1.03
Fishing;2021;P;5;Roach_juv;2;59;0.97
Fishing;2021;P;5;Roach_juv;3.7;69;1.13
Fishing;2021;P;5;Roach_juv;1.8;49;1.53
Fishing;2021;P;5;Roach_juv;0.9;47;0.87
Fishing;2021;P;5;Roach_juv;11.2;92;1.44
Fishing;2021;P;5;Roach_juv;8;85;1.3
Fishing;2021;P;5;Roach_juv;5.3;74;1.31
Fishing;2021;P;5;Roach_juv;8.5;90;1.17
Fishing;2021;P;5;Roach_juv;4.3;74;1.06
Fishing;2021;P;5;Roach_juv;8;95;0.93
Fishing;2021;P;5;Roach_juv;7.4;83;1.29
Fishing;2021;P;5;Roach_juv;3.7;73;0.95
Fishing;2021;P;5;Roach_juv;2.8;64;1.07
Fishing;2021;P;5;Roach_juv;5.9;75;1.4
Fishing;2021;P;5;Roach_juv;3.3;61;1.45
Fishing;2021;P;5;Roach_juv;4.7;74;1.16
Fishing;2021;P;5;Roach_juv;6.1;85;0.99
Fishing;2021;P;5;Roach_juv;2.7;60;1.25
Fishing;2021;P;5;Roach_juv;3.8;70;1.11
Fishing;2021;P;5;Roach_juv;2.8;68;0.89
Fishing;2021;P;5;Roach_juv;3.3;66;1.15
Fishing;2021;P;5;Roach_juv;6.7;77;1.47
Fishing;2021;P;5;Roach_juv;2.9;60;1.34
Fishing;2021;P;5;Roach_juv;3.8;68;1.21
Fishing;2021;P;5;Roach_juv;3.7;72;0.99
Fishing;2021;P;5;Roach_juv;4.3;80;0.84
Fishing;2021;P;5;Roach_juv;2.2;65;0.8
Fishing;2021;P;5;Roach_juv;4.6;73;1.18
Fishing;2021;P;5;Roach_juv;4;70;1.17
Fishing;2021;P;5;Roach_juv;3.1;70;0.9
Fishing;2021;P;5;Roach_juv;3.8;73;0.98
Fishing;2021;P;5;Roach_juv;5.8;83;1.01
Fishing;2021;P;5;Roach_juv;4.9;73;1.26
Fishing;2021;P;5;Roach_juv;10;95;1.17
Fishing;2021;P;5;Roach_juv;3.4;64;1.3
Fishing;2021;P;5;Roach_juv;2;54;1.27
Fishing;2021;P;5;Roach_juv;1.8;54;1.14
Fishing;2021;P;5;Roach_juv;2.3;60;1.06
Fishing;2021;P;5;Roach_juv;2.8;64;1.07
Fishing;2021;P;5;Roach_juv;1.5;55;0.9
Fishing;2021;P;5;Roach_juv;6.7;77;1.47
Fishing;2021;P;5;Roach_juv;3.8;70;1.11
Fishing;2021;P;5;Roach_juv;2.1;53;1.41
Fishing;2021;P;5;Roach_juv;7.7;88;1.13
Fishing;2021;P;5;Roach_juv;8.8;85;1.43
Fishing;2021;P;5;Roach_juv;3.9;69;1.19
Fishing;2021;P;5;Roach_juv;1.5;50;1.2
Fishing;2021;P;5;Roach_juv;3.8;68;1.21
Fishing;2021;P;5;Roach_juv;2.2;56;1.25
Fishing;2021;P;5;Roach_juv;1.9;60;0.88
Fishing;2021;P;5;Roach_juv;4.9;79;0.99
Fishing;2021;P;5;Roach_juv;3.6;70;1.05
Fishing;2021;P;5;Roach_juv;5.2;75;1.23
Fishing;2021;P;5;Roach_juv;2.1;54;1.33
Fishing;2021;P;5;Roach_juv;4.7;82;0.85
Fishing;2021;P;5;Roach_juv;2.4;63;0.96
Fishing;2021;P;5;Roach_juv;2.9;65;1.06
Fishing;2021;P;5;Roach_juv;1.3;49;1.1
Fishing;2021;P;5;Rudd;137.6;201;1.69
Fishing;2021;P;5;Rudd;141.8;187;2.17
Fishing;2021;P;5;Rudd;97.4;174;1.85
Fishing;2021;P;5;Zander;4.3;86;0.68
Fishing;2021;P;5;Zander;5.4;91;0.72
Fishing;2021;P;5;Zander;4.1;85;0.67
Fishing;2021;P;5;Zander;4.8;97;0.53
Fishing;2021;P;5;Zander;4.6;84;0.78
Fishing;2021;P;5;Zander;15.3;123;0.82
Fishing;2021;P;5;Tench_juv;2.5;57;1.35
Fishing;2021;P;5;Tench_juv;2.8;63;1.12
Fishing;2021;P;5;Tench_juv;1.6;46;1.64
Fishing;2021;P;5;Tench_juv;1.8;47;1.73
Fishing;2021;P;5;Tench_juv;1.6;49;1.36
Fishing;2021;P;5;Tench_juv;1.8;52;1.28
Fishing;2021;P;5;Tench_juv;1.4;49;1.19
Fishing;2021;P;5;Tench_juv;0.5;41;0.73
Fishing;2021;P;5;Roach_juv;1.1;48;0.99
Fishing;2021;P;5;Roach_juv;2.6;63;1.04
Fishing;2021;P;5;Roach_juv;1.7;53;1.14
Fishing;2021;P;5;Zander;34.7;167;0.75
Fishing;2021;P;5;Zander;9.3;106;0.78
Fishing;2021;P;5;Zander;3.6;90;0.49
Fishing;2021;P;5;Zander;4.7;90;0.64
Fishing;2021;P;5;Zander;5.7;99;0.59
Fishing;2021;P;5;Zander;5;93;0.62
Fishing;2021;P;5;Zander;3.6;85;0.59
Fishing;2021;P;5;Zander;3.8;79;0.77
Fishing;2021;P;5;Zander;4.4;87;0.67
Fishing;2021;P;5;Zander;3.5;83;0.61
Fishing;2021;P;5;Zander;3.7;85;0.6
Fishing;2021;P;5;Zander;4;86;0.63
Fishing;2021;P;5;Zander;5.2;92;0.67
Fishing;2021;P;5;Zander;6;98;0.64
Fishing;2021;P;5;Zander;5.4;95;0.63
Fishing;2021;P;5;Zander;4.7;92;0.6
Fishing;2021;P;5;Zander;4.3;93;0.53
Fishing;2021;P;5;Zander;4.2;90;0.58
Fishing;2021;P;5;Zander;3.3;77;0.72
Fishing;2021;P;5;Zander;4.2;83;0.73
Fishing;2021;P;5;Zander;4.2;86;0.66
Fishing;2021;P;5;Zander;4.2;88;0.62
Fishing;2021;P;5;Zander;6.9;100;0.69
Fishing;2021;P;5;Zander;4.5;85;0.73
Fishing;2021;P;5;Zander;3.9;83;0.68
Fishing;2021;P;5;Zander;6;105;0.52
Fishing;2021;P;5;Zander;5;94;0.6
Fishing;2021;P;5;Zander;3.9;82;0.71
Fishing;2021;P;5;Zander;4.5;88;0.66
Fishing;2021;P;5;Zander;3.6;83;0.63
Fishing;2021;P;5;Zander;3.8;82;0.69
Fishing;2021;P;5;Zander;3.6;80;0.7
Fishing;2021;P;5;Zander;4.2;85;0.68
Fishing;2021;P;5;Zander;3.7;82;0.67
Fishing;2021;P;5;Zander;32;162;0.75
Fishing;2021;P;5;Zander;4.2;84;0.71
Fishing;2021;P;5;Zander;5.8;88;0.85
Fishing;2021;P;5;Zander;4.2;90;0.58
Fishing;2021;P;5;Zander;5.4;79;1.1
Fishing;2021;P;5;Zander;2.8;74;0.69
Fishing;2021;P;5;Zander;5.5;85;0.9
Fishing;2021;P;5;Zander;4.1;78;0.86
Fishing;2021;P;5;Zander;5;93;0.62
Fishing;2021;P;5;Zander;5;93;0.62
Fishing;2021;P;5;Zander;10;112;0.71
Fishing;2021;P;5;Zander;5.1;89;0.72
Fishing;2021;P;5;Zander;5.7;98;0.61
Fishing;2021;P;5;Zander;4.7;93;0.58
Fishing;2021;P;5;Zander;3.6;82;0.65
Fishing;2021;P;5;Zander;23.2;147;0.73
Fishing;2021;P;5;Zander;4.4;86;0.69
Fishing;2021;P;5;Zander;3.9;84;0.66
Fishing;2021;P;5;Zander;1.2;91;0.16
Fishing;2021;P;5;Zander;4.6;95;0.54
Fishing;2021;P;5;Zander;3.6;81;0.68
Fishing;2021;P;5;Zander;5.6;86;0.88
Fishing;2021;P;5;Zander;4.9;90;0.67
Fishing;2021;P;5;Zander;3.4;80;0.66
Fishing;2021;P;5;Zander;4.1;88;0.6
Fishing;2021;P;5;Zander;4.9;89;0.7
Fishing;2021;P;5;Zander;4.3;82;0.78
Fishing;2021;P;5;Zander;16.3;127;0.8
Fishing;2021;P;5;Zander;9.2;108;0.73
Fishing;2021;P;5;Zander;3.7;81;0.7
Fishing;2021;P;5;Zander;4.8;86;0.75
Fishing;2021;P;5;Zander;4.9;95;0.57
Fishing;2021;P;5;Zander;4.3;83;0.75
Fishing;2021;P;5;Zander;3.7;81;0.7
Fishing;2021;P;5;Tench_juv;14;102;1.32
Fishing;2021;P;5;Tench_juv;19.1;110;1.44
Fishing;2021;P;5;Tench_juv;7.8;80;1.52
Fishing;2021;P;5;Tench_juv;15.2;103;1.39
Fishing;2021;P;5;Tench_juv;13.4;99;1.38
Fishing;2021;P;5;Tench_juv;3.7;67;1.23
Fishing;2021;P;5;Tench_juv;25.1;121;1.42
Fishing;2021;P;5;Tench_juv;27.5;124;1.44
Fishing;2021;P;5;Tench_juv;9.8;87;1.49
Fishing;2021;P;5;Tench_juv;11.8;92;1.52
Fishing;2021;P;5;Tench_juv;16.1;105;1.39
Fishing;2021;P;5;Tench_juv;24.4;114;1.65
Fishing;2021;P;5;Tench_juv;18.4;109;1.42
Fishing;2021;P;5;Tench_juv;20.2;110;1.52
Fishing;2021;P;5;Tench_juv;12.7;97;1.39
Fishing;2021;P;5;Tench_juv;8;79;1.62
Fishing;2021;P;5;Tench_juv;31.4;127;1.53
Fishing;2021;P;5;Tench_juv;9;83;1.57
Fishing;2021;P;5;Tench_juv;9.9;84;1.67
Fishing;2021;P;5;Tench_juv;11.8;97;1.29
Fishing;2021;P;5;Tench_juv;15.8;101;1.53
Fishing;2021;P;5;Tench_juv;26.3;123;1.41
Fishing;2021;P;5;Tench_juv;9.3;87;1.41
Fishing;2021;P;5;Tench_juv;8.2;85;1.34
Fishing;2021;P;5;Tench_juv;6.6;77;1.45
Fishing;2021;P;5;Tench_juv;6.1;74;1.51
Fishing;2021;P;5;Tench_juv;5.1;69;1.55
Fishing;2021;P;5;Tench_juv;29.9;126;1.49
Fishing;2021;P;5;Tench_juv;18.1;105;1.56
Fishing;2021;P;5;Tench_juv;3.4;63;1.36
Fishing;2021;P;5;Tench_juv;3.5;62;1.47
Fishing;2021;P;5;Tench_juv;29.5;126;1.47
Fishing;2021;P;5;Tench_juv;6;74;1.48
Fishing;2021;P;5;Tench_juv;20.6;113;1.43
Fishing;2021;P;5;Tench_juv;6.9;79;1.4
Fishing;2021;P;5;Tench_juv;11.4;93;1.42
Fishing;2021;P;5;Tench_juv;17.5;108;1.39
Fishing;2021;P;5;Tench_juv;27;121;1.52
Fishing;2021;P;5;Tench_juv;26.6;121;1.5
Fishing;2021;P;5;Tench_juv;1.3;47;1.25
Fishing;2021;P;5;Tench_juv;16.8;106;1.41
Fishing;2021;P;5;Tench_juv;16.8;104;1.49
Fishing;2021;P;5;Tench_juv;17.9;103;1.64
Fishing;2021;P;5;Tench_juv;16.7;105;1.44
Fishing;2021;P;5;Tench_juv;0.5;35;1.17
Fishing;2021;P;5;Tench_juv;4.7;68;1.49
Fishing;2021;P;5;Tench_juv;5.3;70;1.55
Fishing;2021;P;5;Tench_juv;9;84;1.52
Fishing;2021;P;5;Tench_juv;3.3;59;1.61
Fishing;2021;P;5;Tench_juv;10;84;1.69
Fishing;2021;P;5;Tench_juv;8.3;81;1.56
Fishing;2021;P;5;Tench_juv;7.8;78;1.64
Fishing;2021;P;5;Tench_juv;11.5;91;1.53
Fishing;2021;P;5;Tench_juv;12.7;92;1.63
Fishing;2021;P;5;Tench_juv;9.9;88;1.45
Fishing;2021;P;5;Tench_juv;8.9;80;1.74
Fishing;2021;P;5;Tench_juv;3.6;63;1.44
Fishing;2021;P;5;Tench_juv;8;82;1.45
Fishing;2021;P;5;Tench_juv;6.7;77;1.47
Fishing;2021;P;5;Tench_juv;5;66;1.74
Fishing;2021;P;5;Tench_juv;4.5;70;1.31
Fishing;2021;P;5;Tench_juv;12;93;1.49
Fishing;2021;P;5;Tench_juv;15.6;104;1.39
Fishing;2021;P;5;Tench_juv;10.1;86;1.59
Fishing;2021;P;5;Tench_juv;5.4;72;1.45
Fishing;2021;P;5;Tench_juv;5.7;71;1.59
Fishing;2021;P;5;Tench_juv;13;96;1.47
Fishing;2021;P;5;Tench_juv;8.9;83;1.56
Fishing;2021;P;5;Tench_juv;5.2;72;1.39
Fishing;2021;P;5;Tench_juv;14.6;99;1.5
Fishing;2021;P;5;Tench_juv;6;73;1.54
Fishing;2021;P;5;Tench_juv;4.5;69;1.37
Fishing;2021;P;5;Tench_juv;3.6;62;1.51
Fishing;2021;P;5;Tench_juv;3.6;60;1.67
Fishing;2021;P;5;Tench_juv;2.1;54;1.33
Fishing;2021;P;5;Tench_juv;6.2;73;1.59
Fishing;2021;P;5;Tench_juv;2.8;60;1.3
Fishing;2021;P;5;Tench_juv;5.9;73;1.52
Fishing;2021;P;5;Tench_juv;1.8;53;1.21
Fishing;2021;P;5;Tench_juv;1.7;50;1.36
Fishing;2021;P;5;Tench_juv;1.8;50;1.44
Fishing;2021;P;5;Tench_juv;2.6;55;1.56
Fishing;2021;P;5;Tench_juv;1.5;51;1.13
Fishing;2021;P;5;Roach;118.1;195;1.59
Fishing;2021;P;5;Roach;140.8;204;1.66
Fishing;2021;P;5;Roach;130.9;199;1.66
Fishing;2021;P;5;Roach;100.8;185;1.59
Fishing;2021;P;5;Roach;174.5;212;1.83
Fishing;2021;P;5;Roach;121.8;195;1.64
Fishing;2021;P;5;Roach;113.2;190;1.65
Fishing;2021;P;5;Roach;126.7;189;1.88
Fishing;2021;P;5;Roach;105.5;188;1.59
Fishing;2021;P;5;Roach;162;211;1.72
Fishing;2021;P;5;Roach;109.7;185;1.73
Fishing;2021;P;5;Roach;141.4;198;1.82
Fishing;2021;P;5;Roach;129.6;198;1.67
Fishing;2021;P;5;Roach;90.8;178;1.61
Fishing;2021;P;5;Roach;122.5;198;1.58
Fishing;2021;P;5;Roach;93.5;181;1.58
Fishing;2021;P;5;Roach;120.1;186;1.87
Fishing;2021;P;5;Roach;165.7;212;1.74
Fishing;2021;P;5;Roach;118.8;193;1.65
Fishing;2021;P;5;Roach;119.6;196;1.59
Fishing;2021;P;5;Roach;93.2;176;1.71
Fishing;2021;P;5;Roach;116;193;1.61
Fishing;2021;P;5;Roach;129.1;185;2.04
Fishing;2021;P;5;Roach;83.4;182;1.38
Fishing;2021;P;5;Roach;116;196;1.54
Fishing;2021;P;5;Roach;105.8;184;1.7
Fishing;2021;P;5;Roach;125.4;196;1.67
Fishing;2021;P;5;Roach;137.8;203;1.65
Fishing;2021;P;5;Roach;121.1;191;1.74
Fishing;2021;P;5;Roach;121.6;196;1.61
Fishing;2021;P;5;Roach;107.4;191;1.54
Fishing;2021;P;5;Roach;138.9;204;1.64
Fishing;2021;P;5;Roach;93.4;181;1.58
Fishing;2021;P;5;Roach;143.3;205;1.66
Fishing;2021;P;5;Roach;107.2;187;1.64
Fishing;2021;P;5;Roach;116.6;195;1.57
Fishing;2021;P;5;Roach;120;191;1.72
Fishing;2021;P;5;Roach;98.1;180;1.68
Fishing;2021;P;5;Roach;83.8;171;1.68
Fishing;2021;P;5;Roach;98.6;189;1.46
Fishing;2021;P;5;Roach;110.8;195;1.49
Fishing;2021;P;5;Roach;97.8;181;1.65
Fishing;2021;P;5;Roach;170.7;208;1.9
Fishing;2021;P;5;Roach;145;200;1.81
Fishing;2021;P;5;Roach;111;189;1.64
Fishing;2021;P;5;Roach;110.2;182;1.83
Fishing;2021;P;5;Roach;114.5;193;1.59
Fishing;2021;P;5;Roach;121.1;192;1.71
Fishing;2021;P;5;Roach;98.1;184;1.57
Fishing;2021;P;5;Roach;132.5;198;1.71
Fishing;2021;P;5;Roach;89.5;176;1.64
Fishing;2021;P;5;Roach;115.1;198;1.48
Fishing;2021;P;5;Roach;127.4;196;1.69
Fishing;2021;P;5;Roach;119.8;200;1.5
Fishing;2021;P;5;Roach;108.4;184;1.74
Fishing;2021;P;5;Roach;122.7;194;1.68
Fishing;2021;P;5;Roach;160.5;207;1.81
Fishing;2021;P;5;Roach;119.7;191;1.72
Fishing;2021;P;5;Roach;125.7;198;1.62
Fishing;2021;P;5;Roach;134.3;195;1.81
Fishing;2021;P;5;Roach;95.4;182;1.58
Fishing;2021;P;5;Roach;105.3;183;1.72
Fishing;2021;P;5;Roach;122.4;190;1.78
Fishing;2021;P;5;Roach;120.1;192;1.7
Fishing;2021;P;5;Roach;124.9;194;1.71
Fishing;2021;P;5;Roach;106.5;188;1.6
Fishing;2021;P;5;Roach;133.6;195;1.8
Fishing;2021;P;5;Roach;150.2;209;1.65
Fishing;2021;P;5;Roach;98.4;187;1.5
Fishing;2021;P;5;Roach;118.4;190;1.73
Fishing;2021;P;5;Roach;95.2;177;1.72
Fishing;2021;P;5;Roach_juv;9.8;91;1.3
Fishing;2021;P;5;Roach_juv;2.9;61;1.28
Fishing;2021;P;5;Roach_juv;11.4;94;1.37
Fishing;2021;P;5;Roach_juv;6.9;79;1.4
Fishing;2021;P;5;Roach_juv;7;80;1.37
Fishing;2021;P;5;Roach_juv;7.2;80;1.41
Fishing;2021;P;5;Roach_juv;8;86;1.26
Fishing;2021;P;5;Roach_juv;6.1;78;1.29
Fishing;2021;P;5;Roach_juv;5.2;74;1.28
Fishing;2021;P;5;Roach_juv;9.3;87;1.41
Fishing;2021;P;5;Roach_juv;3.4;68;1.08
Fishing;2021;P;5;Roach_juv;2.3;59;1.12
Fishing;2021;P;5;Roach_juv;3.6;68;1.14
Fishing;2021;P;5;Roach_juv;2.8;60;1.3
Fishing;2021;P;5;Roach_juv;4.8;72;1.29
Fishing;2021;P;5;Roach_juv;2.6;61;1.15
Fishing;2021;P;5;Roach_juv;2.4;56;1.37
Fishing;2021;P;5;Roach_juv;5;72;1.34
Fishing;2021;P;5;Roach_juv;3.7;65;1.35
Fishing;2021;P;5;Roach_juv;3;60;1.39
Fishing;2021;P;5;Roach_juv;2.9;60;1.34
Fishing;2021;P;5;Roach_juv;3.6;66;1.25
Fishing;2021;P;5;Roach_juv;6.3;76;1.44
Fishing;2021;P;5;Roach_juv;1.7;52;1.21
Fishing;2021;P;5;Roach_juv;3.3;58;1.69
Fishing;2021;P;5;Roach_juv;2.4;62;1.01
Fishing;2021;P;5;Roach_juv;1.3;48;1.18
Fishing;2021;P;5;Roach_juv;2.8;61;1.23
Fishing;2021;P;5;Roach_juv;1.8;55;1.08
Fishing;2021;P;5;Roach_juv;4.8;72;1.29
Fishing;2021;P;5;Roach_juv;7.6;81;1.43
Fishing;2021;P;5;Roach_juv;2;55;1.2
Fishing;2021;P;5;Roach_juv;4.1;68;1.3
Fishing;2021;P;5;Roach_juv;1.7;51;1.28
Fishing;2021;P;5;Roach_juv;1.4;45;1.54
Fishing;2021;P;5;Roach_juv;5.5;73;1.41
Fishing;2021;P;5;Roach_juv;6.3;78;1.33
Fishing;2021;P;5;Roach_juv;3.1;65;1.13
Fishing;2021;P;5;Roach_juv;1.5;48;1.36
Fishing;2021;P;5;Roach_juv;5.3;72;1.42
Fishing;2021;P;5;Roach_juv;2.5;59;1.22
Fishing;2021;P;5;Roach_juv;4;68;1.27
Fishing;2021;P;5;Roach_juv;7;78;1.48
Fishing;2021;P;5;Roach_juv;2.9;64;1.11
Fishing;2021;P;5;Roach_juv;2.4;60;1.11
Fishing;2021;P;5;Roach_juv;3.2;66;1.11
Fishing;2021;P;5;Roach_juv;0.9;46;0.92
Fishing;2021;P;5;Roach_juv;3.6;66;1.25
Fishing;2021;P;5;Roach_juv;5;73;1.29
Fishing;2021;P;5;Roach_juv;3;62;1.26
Fishing;2021;P;5;Roach_juv;2.7;60;1.25
Fishing;2021;P;5;Roach_juv;1.7;53;1.14
Fishing;2021;P;5;Roach_juv;3.2;65;1.17
Fishing;2021;P;5;Roach_juv;1.8;59;0.88
Fishing;2021;P;5;Roach_juv;1.7;52;1.21
Fishing;2021;P;5;Roach_juv;3.1;64;1.18
Fishing;2021;P;5;Roach_juv;2.2;59;1.07
Fishing;2021;P;5;Rudd;161.6;209;1.77
Fishing;2021;P;5;Rudd;112.1;185;1.77
Fishing;2021;P;5;Rudd;176.6;213;1.83
Fishing;2021;P;5;Rudd;130.5;195;1.76
Fishing;2021;P;5;Rudd;171.7;210;1.85
Fishing;2021;P;5;Rudd;173;205;2.01
Fishing;2021;P;5;Rudd;140;194;1.92
Fishing;2021;C;6;Carp;1174.2;376;2.21
Fishing;2021;C;6;Carp;1662.2;411;2.39
Fishing;2021;C;6;Carp;847.2;303;3.05
Fishing;2021;C;6;Carp;2436.2;440;2.86
Fishing;2021;C;6;Carp;1450;400;2.27
Fishing;2021;C;6;Carp;1438.6;367;2.91
Fishing;2021;C;6;Carp;1474.8;387;2.54
Fishing;2021;C;6;Carp;1760;399;2.77
Fishing;2021;C;6;Carp;1394;354;3.14
Fishing;2021;C;6;Carp;1357.8;335;3.61
Fishing;2021;C;6;Carp;1578;403;2.41
Fishing;2021;C;6;Carp;1930.4;377;3.6
Fishing;2021;C;6;Carp;1906;387;3.29
Fishing;2021;C;6;Carp;1689.4;413;2.4
Fishing;2021;C;6;Carp;1854;374;3.54
Fishing;2021;C;6;Carp;1671.2;406;2.5
Fishing;2021;C;6;Carp;1297;358;2.83
Fishing;2021;C;6;Carp;1178.8;335;3.14
Fishing;2021;C;6;Carp;1295.6;394;2.12
Fishing;2021;C;6;Carp;1389;362;2.93
Fishing;2021;C;6;Carp;1371.6;383;2.44
Fishing;2021;C;6;Carp;1589.6;411;2.29
Fishing;2021;C;6;Roach;151.6;204;1.79
Fishing;2021;C;6;Roach;125.2;193;1.74
Fishing;2021;C;6;Roach;148.2;203;1.77
Fishing;2021;C;6;Roach;107.8;185;1.7
Fishing;2021;C;6;Roach;99.8;179;1.74
Fishing;2021;C;6;Roach;135;198;1.74
Fishing;2021;C;6;Roach;129.6;199;1.64
Fishing;2021;C;6;Roach;134.2;202;1.63
Fishing;2021;C;6;Roach;132.2;193;1.84
Fishing;2021;C;6;Roach;215.6;228;1.82
Fishing;2021;C;6;Roach;178;209;1.95
Fishing;2021;C;6;Roach;132;192;1.86
Fishing;2021;C;6;Roach;113.8;185;1.8
Fishing;2021;C;6;Roach;164.8;206;1.89
Fishing;2021;C;6;Roach;193.4;219;1.84
Fishing;2021;C;6;Roach;123;192;1.74
Fishing;2021;C;6;Roach;115.8;191;1.66
Fishing;2021;C;6;Roach;135.6;197;1.77
Fishing;2021;C;6;Roach;121.8;191;1.75
Fishing;2021;C;6;Roach;184;202;2.23
Fishing;2021;C;6;Roach;158.4;202;1.92
Fishing;2021;C;6;Roach;119.6;191;1.72
Fishing;2021;C;6;Roach;116;189;1.72
Fishing;2021;C;6;Roach;117.6;185;1.86
Fishing;2021;C;6;Roach;135.2;198;1.74
Fishing;2021;C;6;Roach;167;209;1.83
Fishing;2021;C;6;Roach;133;192;1.88
Fishing;2021;C;6;Roach;132.2;197;1.73
Fishing;2021;C;6;Roach;158;199;2
Fishing;2021;C;6;Roach;167.2;205;1.94
Fishing;2021;C;6;Roach;150;206;1.72
Fishing;2021;C;6;Roach;139.8;196;1.86
Fishing;2021;C;6;Roach;135.8;193;1.89
Fishing;2021;C;6;Roach;170.2;209;1.86
Fishing;2021;C;6;Roach;186.8;214;1.91
Fishing;2021;C;6;Roach;141.4;204;1.67
Fishing;2021;C;6;Roach;133.8;196;1.78
Fishing;2021;C;6;Roach;123.8;193;1.72
Fishing;2021;C;6;Roach;147;205;1.71
Fishing;2021;C;6;Roach;134.2;196;1.78
Fishing;2021;C;6;Roach;165.2;204;1.95
Fishing;2021;C;6;Roach;110.8;187;1.69
Fishing;2021;C;6;Roach;111.8;184;1.79
Fishing;2021;C;6;Roach;138.4;195;1.87
Fishing;2021;C;6;Roach;130.6;195;1.76
Fishing;2021;C;6;Roach;131.8;191;1.89
Fishing;2021;C;6;Roach;186.2;214;1.9
Fishing;2021;C;6;Roach;125;192;1.77
Fishing;2021;C;6;Roach;149.8;201;1.84
Fishing;2021;C;6;Roach;140.4;191;2.01
Fishing;2021;C;6;Roach;136.6;196;1.81
Fishing;2021;C;6;Roach;174;220;1.63
Fishing;2021;C;6;Roach;151.6;206;1.73
Fishing;2021;C;6;Roach;129.6;188;1.95
Fishing;2021;C;6;Roach;121.8;193;1.69
Fishing;2021;C;6;Roach_juv;1.5;50;1.2
Fishing;2021;C;6;Roach_juv;31;126;1.55
Fishing;2021;C;6;Roach_juv;25.3;121;1.43
Fishing;2021;C;6;Roach_juv;23.4;121;1.32
Fishing;2021;C;6;Roach_juv;25;120;1.45
Fishing;2021;C;6;Roach_juv;2;57;1.08
Fishing;2021;C;6;Roach_juv;1.7;53;1.14
Fishing;2021;C;6;Roach_juv;23;117;1.44
Fishing;2021;C;6;Mussel;47.3;84;7.98
Fishing;2021;C;6;Mussel;29.7;71;8.3
Fishing;2021;C;6;Mussel;53.8;80;10.51
Fishing;2021;C;6;Mussel;32.7;71;9.14
Fishing;2021;C;6;Mussel;43.2;81;8.13
Fishing;2021;C;6;Rudd;177.7;206;2.03
Fishing;2021;C;6;Rudd;293.2;247;1.95
Fishing;2021;C;6;Rudd;204.6;213;2.12
Fishing;2021;C;6;Rudd;138.2;190;2.01
Fishing;2021;C;6;Rudd;214.8;222;1.96
Fishing;2021;C;6;Rudd;205;214;2.09
Fishing;2021;C;6;Rudd;119.2;187;1.82
Fishing;2021;C;6;Rudd;104;182;1.73
Fishing;2021;C;6;Rudd;181.4;210;1.96
Fishing;2021;C;6;Rudd;199;211;2.12
Fishing;2021;C;6;Rudd;175.8;206;2.01
Fishing;2021;C;6;Rudd;209.8;214;2.14
Fishing;2021;C;6;Zander;6.6;95;0.77
Fishing;2021;C;6;Zander;8.5;106;0.71
Fishing;2021;C;6;Zander;7.5;98;0.8
Fishing;2021;C;6;Zander;6.1;93;0.76
Fishing;2021;C;6;Zander;7.2;98;0.76
Fishing;2021;C;6;Zander;6.6;96;0.75
Fishing;2021;C;6;Zander;7.3;99;0.75
Fishing;2021;C;6;Zander;7;97;0.77
Fishing;2021;C;6;Zander;6.8;96;0.77
Fishing;2021;C;6;Zander;6.4;94;0.77
Fishing;2021;C;6;Zander;5.4;93;0.67
Fishing;2021;C;6;Zander;6.1;96;0.69
Fishing;2021;C;6;Zander;6.6;95;0.77
Fishing;2021;C;6;Zander;6.3;95;0.73
Fishing;2021;C;6;Zander;6.3;95;0.73
Fishing;2021;C;6;Zander;7.6;101;0.74
Fishing;2021;C;6;Zander;7.6;100;0.76
Fishing;2021;C;6;Zander;7.2;97;0.79
Fishing;2021;C;6;Zander;6.6;96;0.75
Fishing;2021;C;6;Zander;7.9;102;0.74
Fishing;2021;C;6;Zander;7.7;101;0.75
Fishing;2021;C;6;Zander;6.8;96;0.77
Fishing;2021;C;6;Zander;6.5;94;0.78
Fishing;2021;C;6;Zander;6.2;93;0.77
Fishing;2021;C;6;Zander;6.6;96;0.75
Fishing;2021;C;6;Zander;6.2;99;0.64
Fishing;2021;C;6;Zander;7.2;97;0.79
Fishing;2021;C;6;Zander;6.7;95;0.78
Fishing;2021;C;6;Zander;7.6;102;0.72
Fishing;2021;C;6;Zander;6.7;96;0.76
Fishing;2021;C;6;Zander;6.7;98;0.71
Fishing;2021;C;6;Zander;6.7;98;0.71
Fishing;2021;C;6;Zander;6.4;96;0.72
Fishing;2021;C;6;Tench;691.2;341;1.74
Fishing;2021;C;6;Tench;376.6;287;1.59
Fishing;2021;C;6;Tench;415.4;287;1.76
Fishing;2021;C;6;Tench;1049;388;1.8
Fishing;2021;C;6;Tench;371.2;281;1.67
Fishing;2021;C;6;Tench;672.8;349;1.58
Fishing;2021;C;6;Tench_juv;7.9;78;1.66
Fishing;2021;C;6;Roach;185.6;209;2.03
Fishing;2021;C;6;Roach;158.2;209;1.73
Fishing;2021;C;6;Roach;152;206;1.74
Fishing;2021;C;6;Roach;144.4;198;1.86
Fishing;2021;C;6;Roach;131.5;190;1.92
Fishing;2021;C;6;Roach;165.4;205;1.92
Fishing;2021;C;6;Roach;156.7;199;1.99
Fishing;2021;C;6;Roach;147.8;205;1.72
Fishing;2021;C;6;Roach;178;214;1.82
Fishing;2021;C;6;Roach;129.6;192;1.83
Fishing;2021;C;6;Roach;100;182;1.66
Fishing;2021;C;6;Roach;175.7;212;1.84
Fishing;2021;C;6;Roach;164.4;209;1.8
Fishing;2021;C;6;Roach;136.6;207;1.54
Fishing;2021;C;6;Roach;152.5;209;1.67
Fishing;2021;C;6;Roach;133.7;198;1.72
Fishing;2021;C;6;Roach;106.5;187;1.63
Fishing;2021;C;6;Roach;150.7;203;1.8
Fishing;2021;C;6;Roach;129.4;193;1.8
Fishing;2021;C;6;Roach;123.7;191;1.78
Fishing;2021;C;6;Roach;186.8;225;1.64
Fishing;2021;C;6;Roach;152.7;203;1.83
Fishing;2021;C;6;Roach;158.6;207;1.79
Fishing;2021;C;6;Roach;176.8;210;1.91
Fishing;2021;C;6;Roach;156.4;202;1.9
Fishing;2021;C;6;Roach;173.7;211;1.85
Fishing;2021;C;6;Roach;148;200;1.85
Fishing;2021;C;6;Roach;130.6;196;1.73
Fishing;2021;C;6;Roach;137.3;198;1.77
Fishing;2021;C;6;Roach;135.3;201;1.67
Fishing;2021;C;6;Roach_juv;25.1;123;1.35
Fishing;2021;C;6;Roach;156.1;206;1.79
Fishing;2021;C;6;Roach;137;200;1.71
Fishing;2021;C;6;Roach;124.9;196;1.66
Fishing;2021;C;6;Roach;149.8;199;1.9
Fishing;2021;C;6;Roach;177.3;213;1.83
Fishing;2021;C;6;Roach;133.7;200;1.67
Fishing;2021;C;6;Roach;135.4;206;1.55
Fishing;2021;C;6;Roach;158;205;1.83
Fishing;2021;C;6;Roach;147.2;204;1.73
Fishing;2021;C;6;Roach;139.7;202;1.69
Fishing;2021;C;6;Roach;143.7;202;1.74
Fishing;2021;C;6;Roach;126.9;193;1.77
Fishing;2021;C;6;Roach;124.7;190;1.82
Fishing;2021;C;6;Roach;167.5;208;1.86
Fishing;2021;C;6;Roach;136.9;198;1.76
Fishing;2021;C;6;Roach_juv;25.3;124;1.33
Fishing;2021;C;6;Rudd;136.6;194;1.87
Fishing;2021;C;6;Rudd;144.1;203;1.72
Fishing;2021;C;6;Rudd;168.1;209;1.84
Fishing;2021;C;6;Rudd;155.7;206;1.78
Fishing;2021;C;6;Rudd;163;205;1.89
Fishing;2021;C;6;Zander;5.4;92;0.69
Fishing;2021;C;6;Zander;7.1;99;0.73
Fishing;2021;C;6;Zander;6.1;94;0.73
Fishing;2021;C;6;Zander;6.1;93;0.76
Fishing;2021;C;6;Zander;7.1;96;0.8
Fishing;2021;C;6;Zander;6.6;96;0.75
Fishing;2021;C;6;Zander;7;99;0.72
Fishing;2021;C;6;Zander;5.9;94;0.71
Fishing;2021;C;6;Zander;6;96;0.68
Fishing;2021;C;6;Zander;7;98;0.74
Fishing;2021;C;6;Zander;5.4;88;0.79
Fishing;2021;C;6;Zander;5.1;89;0.72
Fishing;2021;C;6;Zander;6;95;0.7
Fishing;2021;C;6;Zander;7;102;0.66
Fishing;2021;C;6;Zander;6.3;96;0.71
Fishing;2021;C;6;Zander;8.2;102;0.77
Fishing;2021;C;6;Zander;6.3;96;0.71
Fishing;2021;C;6;Zander;7.7;100;0.77
Fishing;2021;C;6;Zander;7.7;100;0.77
Fishing;2021;C;6;Zander;5.7;92;0.73
Fishing;2021;C;6;Zander;6.9;100;0.69
Fishing;2021;C;6;Zander;7.2;99;0.74
Fishing;2021;C;6;Zander;7.9;103;0.72
Fishing;2021;C;6;Zander;6;95;0.7
Fishing;2021;C;6;Zander;6.2;94;0.75
Fishing;2021;C;6;Zander;6.2;96;0.7
Fishing;2021;C;6;Zander;8.7;103;0.8
Fishing;2021;C;6;Zander;6.7;98;0.71
Fishing;2021;C;6;Zander;7.6;103;0.7
Fishing;2021;C;6;Zander;7.3;101;0.71
Fishing;2021;C;6;Zander;6.2;94;0.75
Fishing;2021;C;6;Zander;6.6;97;0.72
Fishing;2021;C;6;Zander;6.7;99;0.69
Fishing;2021;C;6;Zander;6.4;97;0.7
Fishing;2021;C;6;Zander;6.4;103;0.59
Fishing;2021;C;6;Zander;7.1;99;0.73
Fishing;2021;C;6;Zander;5.8;93;0.72
Fishing;2021;C;6;Zander;7.1;97;0.78
Fishing;2021;C;6;Zander;7.1;100;0.71
Fishing;2021;C;6;Zander;7.8;102;0.74
Fishing;2021;C;6;Zander;7.7;104;0.68
Fishing;2021;C;6;Zander;8.5;105;0.73
Fishing;2021;C;6;Zander;6.6;99;0.68
Fishing;2021;C;6;Zander;7.3;102;0.69
Fishing;2021;C;6;Zander;4.9;88;0.72
Fishing;2021;C;6;Zander;5.4;91;0.72
Fishing;2021;C;6;Zander;6.5;96;0.73
Fishing;2021;C;6;Zander;9.1;106;0.76
Fishing;2021;C;6;Zander;6;97;0.66
Fishing;2021;C;6;Zander;6.4;95;0.75
Fishing;2021;C;6;Zander;6.7;96;0.76
Fishing;2021;C;6;Zander;6.6;98;0.7
Fishing;2021;C;6;Zander;6.8;97;0.75
Fishing;2021;C;6;Zander;11.5;113;0.8
Fishing;2021;C;6;Zander;6.8;97;0.75
Fishing;2021;C;6;Zander;6.7;98;0.71
Fishing;2021;C;6;Zander;6.3;93;0.78
Fishing;2021;C;6;Zander;7;97;0.77
Fishing;2021;C;6;Zander;5.3;90;0.73
Fishing;2021;C;6;Zander;7.7;105;0.67
Fishing;2021;C;6;Zander;6.4;98;0.68
Fishing;2021;C;6;Zander;6.7;97;0.73
Fishing;2021;C;6;Zander;8.5;104;0.76
Fishing;2021;C;6;Zander;7;93;0.87
Fishing;2021;C;6;Zander;6.5;95;0.76
Fishing;2021;C;6;Zander;6.4;93;0.8
Fishing;2021;C;6;Zander;6.3;96;0.71
Fishing;2021;C;6;Zander;5.8;90;0.8
Fishing;2021;C;6;Zander;6.3;96;0.71
Fishing;2021;C;6;Zander;6.5;95;0.76
Fishing;2021;C;6;Zander;7.2;100;0.72
Fishing;2021;C;6;Zander;6.7;96;0.76
Fishing;2021;C;6;Zander;6;91;0.8
Fishing;2021;C;6;Zander;6.9;99;0.71
Fishing;2021;C;6;Zander;6.5;95;0.76
Fishing;2021;C;6;Zander;7.3;99;0.75
Fishing;2021;C;6;Zander;6.6;98;0.7
Fishing;2021;C;6;Zander;6.7;96;0.76
Fishing;2021;C;6;Zander;6.8;97;0.75
Fishing;2021;C;6;Zander;6.9;98;0.73
Fishing;2021;C;6;Zander;6.9;97;0.76
Fishing;2021;C;6;Zander;6.8;98;0.72
Fishing;2021;C;6;Zander;6.5;96;0.73
Fishing;2021;C;6;Zander;6.3;96;0.71
Fishing;2021;C;6;Zander;6.6;96;0.75
Fishing;2021;C;6;Zander;6.8;96;0.77
Fishing;2021;C;6;Zander;6.2;96;0.7
Fishing;2021;C;6;Tench;335.3;283;1.48
Fishing;2021;C;6;Tench;300;267;1.58
Fishing;2021;C;6;Tench_juv;1.8;47;1.73
Fishing;2021;C;6;Roach;185.6;209;2.03
Fishing;2021;C;6;Roach;158.2;209;1.73
Fishing;2021;C;6;Roach;152;206;1.74
Fishing;2021;C;6;Roach;144.4;198;1.86
Fishing;2021;C;6;Roach;131.5;190;1.92
Fishing;2021;C;6;Roach;165.4;205;1.92
Fishing;2021;C;6;Roach;156.7;199;1.99
Fishing;2021;C;6;Roach;147.8;205;1.72
Fishing;2021;C;6;Roach;178;214;1.82
Fishing;2021;C;6;Roach;129.6;192;1.83
Fishing;2021;C;6;Roach;100;182;1.66
Fishing;2021;C;6;Roach;175.7;212;1.84
Fishing;2021;C;6;Roach;164.4;209;1.8
Fishing;2021;C;6;Roach;136.6;207;1.54
Fishing;2021;C;6;Roach;152.5;209;1.67
Fishing;2021;C;6;Roach;133.7;198;1.72
Fishing;2021;C;6;Roach;106.5;187;1.63
Fishing;2021;C;6;Roach;150.7;203;1.8
Fishing;2021;C;6;Roach;129.4;193;1.8
Fishing;2021;C;6;Roach;123.7;191;1.78
Fishing;2021;C;6;Roach;186.8;225;1.64
Fishing;2021;C;6;Roach;152.7;203;1.83
Fishing;2021;C;6;Roach;158.6;207;1.79
Fishing;2021;C;6;Roach;176.8;210;1.91
Fishing;2021;C;6;Roach;156.4;202;1.9
Fishing;2021;C;6;Roach;173.7;211;1.85
Fishing;2021;C;6;Roach;148;200;1.85
Fishing;2021;C;6;Roach;130.6;196;1.73
Fishing;2021;C;6;Roach;137.3;198;1.77
Fishing;2021;C;6;Roach;135.3;201;1.67
Fishing;2021;C;6;Roach_juv;25.1;123;1.35
Fishing;2021;C;6;Roach;156.1;206;1.79
Fishing;2021;C;6;Roach;137;200;1.71
Fishing;2021;C;6;Roach;124.9;196;1.66
Fishing;2021;C;6;Roach;149.8;199;1.9
Fishing;2021;C;6;Roach;177.3;213;1.83
Fishing;2021;C;6;Roach;133.7;200;1.67
Fishing;2021;C;6;Roach;135.4;206;1.55
Fishing;2021;C;6;Roach;158;205;1.83
Fishing;2021;C;6;Roach;147.2;204;1.73
Fishing;2021;C;6;Roach;139.7;202;1.69
Fishing;2021;C;6;Roach;143.7;202;1.74
Fishing;2021;C;6;Roach;126.9;193;1.77
Fishing;2021;C;6;Roach;124.7;190;1.82
Fishing;2021;C;6;Roach;167.5;208;1.86
Fishing;2021;C;6;Roach;136.9;198;1.76
Fishing;2021;C;6;Roach_juv;25.3;124;1.33
Fishing;2021;C;6;Rudd;136.6;194;1.87
Fishing;2021;C;6;Rudd;144.1;203;1.72
Fishing;2021;C;6;Rudd;168.1;209;1.84
Fishing;2021;C;6;Rudd;155.7;206;1.78
Fishing;2021;C;6;Rudd;163;205;1.89
Fishing;2021;C;6;Zander;5.4;92;0.69
Fishing;2021;C;6;Zander;7.1;99;0.73
Fishing;2021;C;6;Zander;6.1;94;0.73
Fishing;2021;C;6;Zander;6.1;93;0.76
Fishing;2021;C;6;Zander;7.1;96;0.8
Fishing;2021;C;6;Zander;6.6;96;0.75
Fishing;2021;C;6;Zander;7;99;0.72
Fishing;2021;C;6;Zander;5.9;94;0.71
Fishing;2021;C;6;Zander;6;96;0.68
Fishing;2021;C;6;Zander;7;98;0.74
Fishing;2021;C;6;Zander;5.4;88;0.79
Fishing;2021;C;6;Zander;5.1;89;0.72
Fishing;2021;C;6;Zander;6;95;0.7
Fishing;2021;C;6;Zander;7;102;0.66
Fishing;2021;C;6;Zander;6.3;96;0.71
Fishing;2021;C;6;Zander;8.2;102;0.77
Fishing;2021;C;6;Zander;6.3;96;0.71
Fishing;2021;C;6;Zander;7.7;100;0.77
Fishing;2021;C;6;Zander;7.7;100;0.77
Fishing;2021;C;6;Zander;5.7;92;0.73
Fishing;2021;C;6;Zander;6.9;100;0.69
Fishing;2021;C;6;Zander;7.2;99;0.74
Fishing;2021;C;6;Zander;7.9;103;0.72
Fishing;2021;C;6;Zander;6;95;0.7
Fishing;2021;C;6;Zander;6.2;94;0.75
Fishing;2021;C;6;Zander;6.2;96;0.7
Fishing;2021;C;6;Zander;8.7;103;0.8
Fishing;2021;C;6;Zander;6.7;98;0.71
Fishing;2021;C;6;Zander;7.6;103;0.7
Fishing;2021;C;6;Zander;7.3;101;0.71
Fishing;2021;C;6;Zander;6.2;94;0.75
Fishing;2021;C;6;Zander;6.6;97;0.72
Fishing;2021;C;6;Zander;6.7;99;0.69
Fishing;2021;C;6;Zander;6.4;97;0.7
Fishing;2021;C;6;Zander;6.4;103;0.59
Fishing;2021;C;6;Zander;7.1;99;0.73
Fishing;2021;C;6;Zander;5.8;93;0.72
Fishing;2021;C;6;Zander;7.1;97;0.78
Fishing;2021;C;6;Zander;7.1;100;0.71
Fishing;2021;C;6;Zander;7.8;102;0.74
Fishing;2021;C;6;Zander;7.7;104;0.68
Fishing;2021;C;6;Zander;8.5;105;0.73
Fishing;2021;C;6;Zander;6.6;99;0.68
Fishing;2021;C;6;Zander;7.3;102;0.69
Fishing;2021;C;6;Zander;4.9;88;0.72
Fishing;2021;C;6;Zander;5.4;91;0.72
Fishing;2021;C;6;Zander;6.5;96;0.73
Fishing;2021;C;6;Zander;9.1;106;0.76
Fishing;2021;C;6;Zander;6;97;0.66
Fishing;2021;C;6;Zander;6.4;95;0.75
Fishing;2021;C;6;Zander;6.7;96;0.76
Fishing;2021;C;6;Zander;6.6;98;0.7
Fishing;2021;C;6;Zander;6.8;97;0.75
Fishing;2021;C;6;Zander;11.5;113;0.8
Fishing;2021;C;6;Zander;6.8;97;0.75
Fishing;2021;C;6;Zander;6.7;98;0.71
Fishing;2021;C;6;Zander;6.3;93;0.78
Fishing;2021;C;6;Zander;7;97;0.77
Fishing;2021;C;6;Zander;5.3;90;0.73
Fishing;2021;C;6;Zander;7.7;105;0.67
Fishing;2021;C;6;Zander;6.4;98;0.68
Fishing;2021;C;6;Zander;6.7;97;0.73
Fishing;2021;C;6;Zander;8.5;104;0.76
Fishing;2021;C;6;Zander;7;93;0.87
Fishing;2021;C;6;Zander;6.5;95;0.76
Fishing;2021;C;6;Zander;6.4;93;0.8
Fishing;2021;C;6;Zander;6.3;96;0.71
Fishing;2021;C;6;Zander;5.8;90;0.8
Fishing;2021;C;6;Zander;6.3;96;0.71
Fishing;2021;C;6;Zander;6.5;95;0.76
Fishing;2021;C;6;Zander;7.2;100;0.72
Fishing;2021;C;6;Zander;6.7;96;0.76
Fishing;2021;C;6;Zander;6;91;0.8
Fishing;2021;C;6;Zander;6.9;99;0.71
Fishing;2021;C;6;Zander;6.5;95;0.76
Fishing;2021;C;6;Zander;7.3;99;0.75
Fishing;2021;C;6;Zander;6.6;98;0.7
Fishing;2021;C;6;Zander;6.7;96;0.76
Fishing;2021;C;6;Zander;6.8;97;0.75
Fishing;2021;C;6;Zander;6.9;98;0.73
Fishing;2021;C;6;Zander;6.9;97;0.76
Fishing;2021;C;6;Zander;6.8;98;0.72
Fishing;2021;C;6;Zander;6.5;96;0.73
Fishing;2021;C;6;Zander;6.3;96;0.71
Fishing;2021;C;6;Zander;6.6;96;0.75
Fishing;2021;C;6;Zander;6.8;96;0.77
Fishing;2021;C;6;Zander;6.2;96;0.7
Fishing;2021;C;6;Tench;335.3;283;1.48
Fishing;2021;C;6;Tench;300;267;1.58
Fishing;2021;C;6;Tench_juv;1.8;47;1.73
